country_name_whr,year,happiness_score,country_iso3,social_spending_pct_gdp,country_name,gdp_per_capita_ppp_constant_2021_intl_dollars,gini_index,unemployment_rate_pct,civic_engagement_score,health_score,housing_score,job_security_score,safety_score,work_life_balance_score
Afghanistan,2015,3.36,AFG,,Afghanistan,2967.692067153,,9.032,,,,,,
Afghanistan,2016,3.794,AFG,,Afghanistan,2958.7853992308,,10.116,,,,,,
Afghanistan,2017,3.632,AFG,,Afghanistan,2952.99891598909,,11.184,,,,,,
Afghanistan,2018,3.203,AFG,,Afghanistan,2902.39211285546,,11.192,,,,,,
Afghanistan,2019,2.56690001487732,AFG,,Afghanistan,2927.2451435353,,11.187,,,,,,
Afghanistan,2020,2.523,AFG,,Afghanistan,2769.68574507111,,11.71,,,,,,
Afghanistan,2021,2.404,AFG,,Afghanistan,2144.16657002819,,12.006,,,,,,
Afghanistan,2022,1.859,AFG,,Afghanistan,1981.71016810561,,14.1,,,,,,
Afghanistan,2023,1.721,AFG,,Afghanistan,1983.81261992909,,14.008,,,,,,
Albania,2015,4.655,ALB,,Albania,13876.81917653,32.8,17.193,,,,,,
Albania,2016,4.644,ALB,,Albania,14643.4892877063,33.7,15.418,,,,,,
Albania,2017,4.586,ALB,,Albania,15359.4611530571,33.1,13.616,,,,,,
Albania,2018,4.719,ALB,,Albania,16170.990493278,30.1,12.304,,,,,,
Albania,2019,4.88269996643066,ALB,,Albania,16761.1925261726,30.1,11.466,,,,,,
Albania,2020,5.117,ALB,,Albania,16457.7872245882,29.4,11.639,,,,,,
Albania,2021,5.199,ALB,,Albania,18212.8702466686,,11.474,,,,,,
Albania,2022,5.277,ALB,,Albania,19388.8731331744,,10.785,,,,,,
Albania,2023,5.304,ALB,,Albania,20481.0358398226,,10.669,,,,,,
Algeria,2015,6.355,DZA,,Algeria,15239.5171456469,,11.206,,,,,,
Algeria,2016,5.872,DZA,,Algeria,15511.6858768094,,10.202,,,,,,
Algeria,2017,5.295,DZA,,Algeria,15427.6641894713,,12.0,,,,,,
Algeria,2018,5.211,DZA,,Algeria,15343.4261222434,,12.112,,,,,,
Algeria,2019,5.00509977340698,DZA,,Algeria,15199.1989965639,,12.302,,,,,,
Algeria,2020,4.887,DZA,,Algeria,14194.1557479619,,14.08,,,,,,
Algeria,2021,5.122,DZA,,Algeria,14496.8654697299,,13.656,,,,,,
Algeria,2022,5.329,DZA,,Algeria,14782.2002970247,,12.382,,,,,,
Algeria,2023,5.364,DZA,,Algeria,15159.3242373415,,11.645,,,,,,
Angola,2015,3.866,AGO,,Angola,11392.9059344932,,16.472,,,,,,
Angola,2016,3.795,AGO,,Angola,10805.7122533667,,16.572,,,,,,
Angola,2017,3.795,AGO,,Angola,10414.2358842987,,16.617,,,,,,
Argentina,2015,6.65,ARG,,Argentina,28669.2061336796,,7.577,,,,,,
Argentina,2016,6.599,ARG,,Argentina,27802.1057201498,42.3,8.088,,,,,,
Argentina,2017,6.388,ARG,,Argentina,28334.904184742,41.4,8.347,,,,,,
Argentina,2018,6.086,ARG,,Argentina,27367.115094108,41.7,9.22,,,,,,
Argentina,2019,5.97469997406006,ARG,,Argentina,26629.5529419501,43.3,9.843,,,,,,
Argentina,2020,5.929,ARG,,Argentina,23877.0931404855,42.7,11.461,,,,,,
Argentina,2021,5.967,ARG,,Argentina,26300.274261175,42.4,8.736,,,,,,
Argentina,2022,6.024,ARG,,Argentina,27825.0273492567,40.7,6.805,,,,,,
Argentina,2023,6.188,ARG,,Argentina,27230.3968496682,42.4,6.139,,,,,,
Armenia,2015,4.36,ARM,,Armenia,13112.7600902915,32.4,18.261,,,,,,
Armenia,2016,4.376,ARM,,Armenia,13192.9940731731,32.5,17.617,,,,,,
Armenia,2017,4.321,ARM,,Armenia,14243.8749003795,33.6,17.704,,,,,,
Armenia,2018,4.559,ARM,,Armenia,15037.0452420712,34.4,18.966,,,,,,
Armenia,2019,4.67679977416992,ARM,,Armenia,16215.3607965094,30.0,18.304,,,,,,
Armenia,2020,5.283,ARM,,Armenia,15052.9359791136,25.1,18.175,,,,,,
Armenia,2021,5.399,ARM,,Armenia,15921.705281964,27.9,15.469,,,,,,
Armenia,2022,5.342,ARM,,Armenia,17886.1783877168,27.9,13.451,,,,,,
Armenia,2023,5.455,ARM,,Armenia,19402.7510915578,27.2,12.405,,,,,,
Australia,2015,7.313,AUS,,Australia,55879.9958817103,,6.055,2.7,83.0,19.4,3.1,67.0,12.5
Australia,2016,7.284,AUS,,Australia,56529.951824687,33.7,5.711,2.7,83.0,19.4,3.1,67.0,12.5
Australia,2017,7.272,AUS,,Australia,56881.8569859104,,5.592,2.7,83.0,19.4,3.1,67.0,12.5
Australia,2018,7.228,AUS,1.428,Australia,57647.8455068105,34.3,5.345,2.7,83.0,19.4,3.1,67.0,12.5
Australia,2019,7.22279977798462,AUS,1.364,Australia,58048.6188420831,,5.143,2.7,83.0,19.4,3.1,67.0,12.5
Australia,2020,7.183,AUS,1.402,Australia,57260.4650530108,33.8,6.394,2.7,83.0,19.4,3.1,67.0,12.5
Australia,2021,7.162,AUS,1.217,Australia,58327.4146842325,,5.022,2.7,83.0,19.4,3.1,67.0,12.5
Australia,2022,7.095,AUS,1.198,Australia,60029.1329190733,,3.728,2.7,83.0,19.4,3.1,67.0,12.5
Australia,2023,7.057,AUS,,Australia,60684.9596204883,,3.668,2.7,83.0,19.4,3.1,67.0,12.5
Austria,2015,7.119,AUT,1.431,Austria,60951.6892510507,30.5,5.802,1.3,82.0,20.8,2.3,86.0,5.3
Austria,2016,7.006,AUT,1.388,Austria,61572.7121353063,30.8,6.064,1.3,82.0,20.8,2.3,86.0,5.3
Austria,2017,7.139,AUT,1.384,Austria,62535.8983176843,29.7,5.561,1.3,82.0,20.8,2.3,86.0,5.3
Austria,2018,7.246,AUT,1.375,Austria,63778.0257051746,30.8,4.933,1.3,82.0,20.8,2.3,86.0,5.3
Austria,2019,7.29419994354248,AUT,1.41,Austria,64609.374295614,30.2,4.56,1.3,82.0,20.8,2.3,86.0,5.3
Austria,2020,7.268,AUT,1.405,Austria,60276.4153459141,29.8,5.201,1.3,82.0,20.8,2.3,86.0,5.3
Austria,2021,7.163,AUT,1.36,Austria,62968.9422311892,30.7,6.459,1.3,82.0,20.8,2.3,86.0,5.3
Austria,2022,7.097,AUT,,Austria,65694.5513287254,30.9,4.992,1.3,82.0,20.8,2.3,86.0,5.3
Austria,2023,6.905,AUT,,Austria,64536.2981841434,31.2,5.264,1.3,82.0,20.8,2.3,86.0,5.3
Azerbaijan,2015,5.291,AZE,,Azerbaijan,20678.7539572375,,4.96,,,,,,
Azerbaijan,2016,5.234,AZE,,Azerbaijan,19822.4105943941,,5.0,,,,,,
Azerbaijan,2017,5.201,AZE,,Azerbaijan,19659.0048562768,,5.0,,,,,,
Azerbaijan,2018,5.208,AZE,,Azerbaijan,19781.8509058437,,4.9,,,,,,
Azerbaijan,2019,5.16480016708374,AZE,,Azerbaijan,20101.491875147,,5.0,,,,,,
Azerbaijan,2020,5.171,AZE,,Azerbaijan,19126.096851126,,7.24,,,,,,
Azerbaijan,2021,5.173,AZE,,Azerbaijan,20111.3756952109,,6.04,,,,,,
Azerbaijan,2023,4.893,AZE,,Azerbaijan,21310.7386915022,,5.64,,,,,,
Bahrain,2015,6.218,BHR,,Bahrain,54149.9131524721,,1.164,,,,,,
Bahrain,2016,6.087,BHR,,Bahrain,54107.0752236423,,1.19,,,,,,
Bahrain,2017,6.105,BHR,,Bahrain,53859.7749589601,,1.18,,,,,,
Bahrain,2018,6.199,BHR,,Bahrain,54893.0724411368,,1.188,,,,,,
Bahrain,2019,6.22730016708374,BHR,,Bahrain,56749.9628370612,,1.217,,,,,,
Bahrain,2020,6.647,BHR,,Bahrain,53814.2452592358,,1.765,,,,,,
Bahrain,2021,6.647,BHR,,Bahrain,54954.6757895532,,1.548,,,,,,
Bahrain,2022,6.173,BHR,,Bahrain,57572.997981018,,1.265,,,,,,
Bahrain,2023,5.959,BHR,,Bahrain,57819.9051831242,,1.049,,,,,,
Bangladesh,2015,4.643,BGD,,Bangladesh,5352.71133299566,,4.397,,,,,,
Bangladesh,2016,4.608,BGD,,Bangladesh,5682.53553494306,32.4,4.35,,,,,,
Bangladesh,2017,4.5,BGD,,Bangladesh,6005.70718781048,,4.372,,,,,,
Bangladesh,2018,4.456,BGD,,Bangladesh,6392.59334024091,,4.439,,,,,,
Bangladesh,2019,4.83279991149902,BGD,,Bangladesh,6838.32611608243,,4.504,,,,,,
Bangladesh,2020,5.025,BGD,,Bangladesh,7015.19792797056,,5.539,,,,,,
Bangladesh,2021,5.155,BGD,,Bangladesh,7441.06913961254,,5.457,,,,,,
Bangladesh,2022,4.282,BGD,,Bangladesh,7888.16389098304,30.9,4.593,,,,,,
Bangladesh,2023,3.886,BGD,,Bangladesh,8242.39798977242,,3.352,,,,,,
Belarus,2015,5.802,BLR,,Belarus,25513.2132958317,25.6,5.881,,,,,,
Belarus,2016,5.569,BLR,,Belarus,24846.8301529359,25.3,5.844,,,,,,
Belarus,2017,5.483,BLR,,Belarus,25503.9809845207,25.4,5.648,,,,,,
Belarus,2018,5.323,BLR,,Belarus,26363.4629778536,25.2,4.763,,,,,,
Belarus,2019,5.5398998260498,BLR,,Belarus,26798.8206398076,25.3,4.165,,,,,,
Belarus,2020,5.534,BLR,,Belarus,26731.4953869922,24.4,4.049,,,,,,
Belarus,2021,5.821,BLR,,Belarus,27611.1801135157,,3.9,,,,,,
Belgium,2015,6.929,BEL,1.899,Belgium,57509.0245728702,27.7,8.482,2.0,82.1,20.0,2.4,56.0,4.3
Belgium,2016,6.891,BEL,1.923,Belgium,57901.4976903148,27.6,7.83,2.0,82.1,20.0,2.4,56.0,4.3
Belgium,2017,6.927,BEL,1.887,Belgium,58529.3302957534,27.4,7.09,2.0,82.1,20.0,2.4,56.0,4.3
Belgium,2018,6.923,BEL,1.935,Belgium,59357.6896884394,27.2,5.941,2.0,82.1,20.0,2.4,56.0,4.3
Belgium,2019,6.86350011825562,BEL,1.81,Belgium,60479.9769955466,27.2,5.364,2.0,82.1,20.0,2.4,56.0,4.3
Belgium,2020,6.834,BEL,1.996,Belgium,57333.5424137922,26.0,5.545,2.0,82.1,20.0,2.4,56.0,4.3
Belgium,2021,6.805,BEL,1.932,Belgium,60669.2137746531,26.6,6.248,2.0,82.1,20.0,2.4,56.0,4.3
Belgium,2022,6.859,BEL,,Belgium,62561.7810453236,26.4,5.57,2.0,82.1,20.0,2.4,56.0,4.3
Belgium,2023,6.894,BEL,,Belgium,63095.4017281289,26.8,5.547,2.0,82.1,20.0,2.4,56.0,4.3
Belize,2015,5.956,BLZ,,Belize,12348.7944978311,,7.578,,,,,,
Belize,2016,5.956,BLZ,,Belize,12063.0600374093,,7.0,,,,,,
Belize,2017,5.956,BLZ,,Belize,11572.3007931461,,6.596,,,,,,
Benin,2015,3.484,BEN,,Benin,2952.00218338705,47.6,1.886,,,,,,
Benin,2016,3.657,BEN,,Benin,2962.66381572265,,1.834,,,,,,
Benin,2017,4.141,BEN,,Benin,3041.77929984989,,1.691,,,,,,
Benin,2018,4.883,BEN,,Benin,3155.4510650627,37.9,1.426,,,,,,
Benin,2019,5.21600008010864,BEN,,Benin,3281.10470051465,,1.214,,,,,,
Benin,2020,5.045,BEN,,Benin,3317.8597222557,,1.518,,,,,,
Benin,2021,4.623,BEN,,Benin,3464.2886286745,34.4,1.833,,,,,,
Benin,2022,4.374,BEN,,Benin,3588.32519938147,,1.685,,,,,,
Benin,2023,4.377,BEN,,Benin,3721.21254814808,,1.641,,,,,,
Bhutan,2015,5.196,BTN,,Bhutan,12400.2983237391,,2.45,,,,,,
Bhutan,2016,5.011,BTN,,Bhutan,13320.9759036882,,2.707,,,,,,
Bhutan,2017,5.082,BTN,,Bhutan,13482.3425280358,37.4,3.027,,,,,,
Bhutan,2018,5.082,BTN,,Bhutan,13854.8543977158,,3.35,,,,,,
Bolivia,2015,5.822,BOL,,Bolivia,11144.6415727207,46.7,3.111,,,,,,
Bolivia,2016,5.823,BOL,,Bolivia,11448.0218032246,45.2,3.498,,,,,,
Bolivia,2017,5.752,BOL,,Bolivia,11755.2556195885,44.6,3.655,,,,,,
Bolivia,2018,5.779,BOL,,Bolivia,11920.3135079645,42.6,3.519,,,,,,
Bolivia,2019,5.74749994277954,BOL,,Bolivia,11930.9159145918,41.6,3.682,,,,,,
Bolivia,2020,5.716,BOL,,Bolivia,10285.6590750222,43.6,7.903,,,,,,
Bolivia,2021,5.6,BOL,,Bolivia,11202.4409836707,40.9,5.089,,,,,,
Bolivia,2022,5.684,BOL,,Bolivia,11487.7148799194,41.2,3.552,,,,,,
Bolivia,2023,5.784,BOL,,Bolivia,11616.1575595159,42.1,3.024,,,,,,
Bosnia and Herzegovina,2015,5.163,BIH,,Bosnia and Herzegovina,14220.1489744552,32.9,27.695,,,,,,
Bosnia and Herzegovina,2016,5.182,BIH,,Bosnia and Herzegovina,14873.7027917131,,25.408,,,,,,
Bosnia and Herzegovina,2017,5.129,BIH,,Bosnia and Herzegovina,15554.7232481788,,20.527,,,,,,
Bosnia and Herzegovina,2018,5.386,BIH,,Bosnia and Herzegovina,16349.0675137661,,18.4,,,,,,
Bosnia and Herzegovina,2019,5.67409992218018,BIH,,Bosnia and Herzegovina,17029.3678184559,,15.692,,,,,,
Bosnia and Herzegovina,2020,5.813,BIH,,Bosnia and Herzegovina,16747.1048417525,,15.868,,,,,,
Bosnia and Herzegovina,2021,5.768,BIH,,Bosnia and Herzegovina,18286.7373324233,30.3,14.897,,,,,,
Bosnia and Herzegovina,2022,5.633,BIH,,Bosnia and Herzegovina,19298.1971056448,,12.657,,,,,,
Bosnia and Herzegovina,2023,5.877,BIH,,Bosnia and Herzegovina,19805.0002774731,,10.668,,,,,,
Botswana,2015,3.974,BWA,,Botswana,15994.9643042101,54.9,18.915,,,,,,
Botswana,2016,3.766,BWA,,Botswana,16905.588740873,,19.328,,,,,,
Botswana,2017,3.59,BWA,,Botswana,17352.8958451454,,19.671,,,,,,
Botswana,2018,3.488,BWA,,Botswana,17825.018569213,,19.665,,,,,,
Botswana,2019,3.47889995574951,BWA,,Botswana,18106.0105471124,,20.094,,,,,,
Botswana,2020,3.467,BWA,,Botswana,16289.3913582645,,21.017,,,,,,
Botswana,2021,3.471,BWA,,Botswana,17960.6254447437,,23.106,,,,,,
Botswana,2022,3.435,BWA,,Botswana,18647.3734588832,,23.615,,,,,,
Botswana,2023,3.383,BWA,,Botswana,18932.4802712334,,23.381,,,,,,
Brazil,2015,6.952,BRA,,Brazil,18357.0690615421,51.9,8.538,2.2,75.9,,,45.0,5.6
Brazil,2016,6.635,BRA,,Brazil,17620.9272434403,53.4,11.58,2.2,75.9,,,45.0,5.6
Brazil,2017,6.419,BRA,,Brazil,17724.4799577815,53.3,12.792,2.2,75.9,,,45.0,5.6
Brazil,2018,6.3,BRA,,Brazil,17917.7492122925,53.9,12.329,2.2,75.9,,,45.0,5.6
Brazil,2019,6.37559986114502,BRA,,Brazil,18018.62091495,53.5,11.936,2.2,75.9,,,45.0,5.6
Brazil,2020,6.33,BRA,,Brazil,17327.5157248143,48.8,13.697,2.2,75.9,,,45.0,5.6
Brazil,2021,6.293,BRA,,Brazil,18075.7060048757,52.9,13.158,2.2,75.9,,,45.0,5.6
Brazil,2022,6.125,BRA,,Brazil,18554.0461828519,51.9,9.231,2.2,75.9,,,45.0,5.6
Brazil,2023,6.272,BRA,,Brazil,19079.8122132253,51.5,7.947,2.2,75.9,,,45.0,5.6
Bulgaria,2015,4.217,BGR,,Bulgaria,24562.750842738,38.6,9.143,,,,,,
Bulgaria,2016,4.714,BGR,,Bulgaria,25636.8508634132,40.6,7.575,,,,,,
Bulgaria,2017,4.933,BGR,,Bulgaria,26691.8686963123,40.4,6.164,,,,,,
Bulgaria,2018,5.011,BGR,,Bulgaria,27691.0089237623,41.3,5.211,,,,,,
Bulgaria,2019,5.10150003433228,BGR,,Bulgaria,29150.0422926763,40.3,4.148,,,,,,
Bulgaria,2020,5.266,BGR,,Bulgaria,28521.3251326769,40.5,5.037,,,,,,
Bulgaria,2021,5.371,BGR,0.113,Bulgaria,30959.1118459807,39.0,5.166,,,,,,
Bulgaria,2022,5.466,BGR,0.107,Bulgaria,32433.7937497005,38.2,4.148,,,,,,
Bulgaria,2023,5.463,BGR,,Bulgaria,33073.8179631314,39.5,4.319,,,,,,
Burkina Faso,2015,3.739,BFA,,Burkina Faso,2101.70266192027,,4.472,,,,,,
Burkina Faso,2016,4.032,BFA,,Burkina Faso,2162.72578977814,,4.598,,,,,,
Burkina Faso,2017,4.424,BFA,,Burkina Faso,2232.28781490944,,4.662,,,,,,
Burkina Faso,2018,4.587,BFA,,Burkina Faso,2316.39432079045,43.0,4.695,,,,,,
Burkina Faso,2019,4.76870012283325,BFA,,Burkina Faso,2391.53626844484,,4.493,,,,,,
Burkina Faso,2020,4.834,BFA,,Burkina Faso,2380.93171826574,,4.59,,,,,,
Burkina Faso,2021,4.67,BFA,,Burkina Faso,2486.43093147762,37.4,4.511,,,,,,
Burkina Faso,2022,4.638,BFA,,Burkina Faso,2469.19956941259,,3.828,,,,,,
Burkina Faso,2023,4.548,BFA,,Burkina Faso,2486.20669812871,,3.601,,,,,,
Burundi,2015,2.905,BDI,,Burundi,995.319068450023,,1.449,,,,,,
Burundi,2016,2.905,BDI,,Burundi,1009.63596796379,,1.352,,,,,,
Burundi,2017,2.905,BDI,,Burundi,1023.97040626757,,1.25,,,,,,
Burundi,2018,3.775,BDI,,Burundi,1046.59511246023,,1.147,,,,,,
Burundi,2019,3.77530002593994,BDI,,Burundi,1057.95005999167,,1.043,,,,,,
Burundi,2020,3.775,BDI,,Burundi,1030.77026419371,37.5,1.03,,,,,,
Cambodia,2015,3.907,KHM,,Cambodia,4968.57276699143,,0.393,,,,,,
Cambodia,2016,4.168,KHM,,Cambodia,5283.72964943779,,0.716,,,,,,
Cambodia,2017,4.433,KHM,,Cambodia,5632.03125629342,,0.141,,,,,,
Cambodia,2018,4.7,KHM,,Cambodia,6050.59088262205,,0.129,,,,,,
Cambodia,2019,4.8484001159668,KHM,,Cambodia,6448.88455952805,,0.119,,,,,,
Cambodia,2020,4.83,KHM,,Cambodia,6128.78243783335,,0.172,,,,,,
Cambodia,2021,4.64,KHM,,Cambodia,6225.53265474741,,0.396,,,,,,
Cambodia,2022,4.393,KHM,,Cambodia,6458.3681488084,,0.245,,,,,,
Cambodia,2023,4.341,KHM,,Cambodia,6695.29194763723,,0.256,,,,,,
Cameroon,2015,4.513,CMR,,Cameroon,4698.66677843587,,3.518,,,,,,
Cameroon,2016,4.695,CMR,,Cameroon,4767.13186148953,,3.529,,,,,,
Cameroon,2017,4.975,CMR,,Cameroon,4797.97544185544,,3.573,,,,,,
Cameroon,2018,5.044,CMR,,Cameroon,4851.48003949961,,3.608,,,,,,
Cameroon,2019,5.08489990234375,CMR,,Cameroon,4882.35560028896,,3.632,,,,,,
Cameroon,2020,5.142,CMR,,Cameroon,4763.48194388066,,3.881,,,,,,
Cameroon,2021,5.048,CMR,,Cameroon,4793.55628200196,42.2,3.976,,,,,,
Cameroon,2022,4.973,CMR,,Cameroon,4843.65038202917,,3.646,,,,,,
Cameroon,2023,4.874,CMR,,Cameroon,4875.25120768005,,3.607,,,,,,
Canada,2015,7.404,CAN,5.237,Canada,55660.8675272614,33.7,6.945,2.9,82.1,22.9,3.8,78.0,3.3
Canada,2016,7.316,CAN,5.284,Canada,55606.1549191947,32.7,7.038,2.9,82.1,22.9,3.8,78.0,3.3
Canada,2017,7.328,CAN,6.007,Canada,56612.3285367448,33.3,6.426,2.9,82.1,22.9,3.8,78.0,3.3
Canada,2018,7.278,CAN,5.95,Canada,57337.4909099991,32.5,5.837,2.9,82.1,22.9,3.8,78.0,3.3
Canada,2019,7.23210000991821,CAN,6.038,Canada,57583.845798092,31.8,5.69,2.9,82.1,22.9,3.8,78.0,3.3
Canada,2020,7.103,CAN,6.236,Canada,54092.8790317796,29.9,9.657,2.9,82.1,22.9,3.8,78.0,3.3
Canada,2021,7.025,CAN,5.563,Canada,56995.1176781351,31.1,7.527,2.9,82.1,22.9,3.8,78.0,3.3
Canada,2022,6.961,CAN,5.082,Canada,58321.0611834624,31.5,5.279,2.9,82.1,22.9,3.8,78.0,3.3
Canada,2023,6.9,CAN,,Canada,57517.4431587432,,5.415,2.9,82.1,22.9,3.8,78.0,3.3
Central African Republic,2016,2.693,CAF,,Central African Republic,1073.94477703739,,5.793,,,,,,
Central African Republic,2017,3.083,CAF,,Central African Republic,1103.86609318724,,5.836,,,,,,
Central African Republic,2018,3.083,CAF,,Central African Republic,1125.70091748228,,5.825,,,,,,
Central African Republic,2019,3.47589993476868,CAF,,Central African Republic,1145.09563657752,,5.916,,,,,,
Chad,2015,3.763,TCD,,Chad,2822.57929900236,,1.032,,,,,,
Chad,2016,3.936,TCD,,Chad,2622.59780843796,,1.091,,,,,,
Chad,2017,4.301,TCD,,Chad,2496.26213644007,,1.132,,,,,,
Chad,2018,4.35,TCD,,Chad,2552.37036388576,37.5,1.135,,,,,,
Chad,2019,4.42269992828369,TCD,,Chad,2604.53153663392,,1.077,,,,,,
Chad,2020,4.355,TCD,,Chad,2513.02922729008,,1.695,,,,,,
Chad,2021,4.251,TCD,,Chad,2435.07274651099,,1.53,,,,,,
Chad,2022,4.397,TCD,,Chad,2449.48251052484,37.4,1.081,,,,,,
Chad,2023,4.471,TCD,,Chad,2433.09879153397,,1.059,,,,,,
Chile,2015,6.705,CHL,0.563,Chile,27811.3745158617,45.3,6.605,1.3,80.6,18.4,7.0,41.0,7.7
Chile,2016,6.652,CHL,0.578,Chile,27958.7284996682,,6.926,1.3,80.6,18.4,7.0,41.0,7.7
Chile,2017,6.476,CHL,0.595,Chile,27892.9946862827,45.3,7.257,1.3,80.6,18.4,7.0,41.0,7.7
Chile,2018,6.444,CHL,0.594,Chile,28492.6611456515,,7.623,1.3,80.6,18.4,7.0,41.0,7.7
Chile,2019,6.22849988937378,CHL,0.618,Chile,28218.5343879081,,7.493,1.3,80.6,18.4,7.0,41.0,7.7
Chile,2020,6.172,CHL,0.551,Chile,26248.5616432825,47.0,10.934,1.3,80.6,18.4,7.0,41.0,7.7
Chile,2021,6.172,CHL,0.666,Chile,29089.850459728,,9.281,1.3,80.6,18.4,7.0,41.0,7.7
Chile,2022,6.334,CHL,0.705,Chile,29569.4775527937,43.2,8.249,1.3,80.6,18.4,7.0,41.0,7.7
Chile,2023,6.36,CHL,0.717,Chile,29563.6780243659,,9.013,1.3,80.6,18.4,7.0,41.0,7.7
China,2015,5.245,CHN,,China,14856.7807604461,38.6,4.65,,,,,,
China,2016,5.273,CHN,,China,15772.7647598696,38.5,4.56,,,,,,
China,2017,5.246,CHN,,China,16757.9736318662,39.1,4.47,,,,,,
China,2018,5.191,CHN,,China,17806.7902349725,38.5,4.31,,,,,,
China,2019,5.12389993667603,CHN,,China,18820.5131033646,38.2,4.56,,,,,,
China,2020,5.339,CHN,,China,19215.1541703465,37.1,5.0,,,,,,
China,2021,5.585,CHN,,China,20843.2978347377,35.7,4.55,,,,,,
China,2022,5.818,CHN,,China,21499.3822834427,36.0,4.98,,,,,,
China,2023,5.973,CHN,,China,22687.0758723942,,4.67,,,,,,
Colombia,2015,6.481,COL,0.624,Colombia,16821.3801400631,52.0,8.572,1.4,76.7,,,50.0,23.7
Colombia,2016,6.357,COL,0.625,Colombia,17003.244366485,51.7,8.922,1.4,76.7,,,50.0,23.7
Colombia,2017,6.26,COL,0.616,Colombia,16986.0334182842,50.9,9.086,1.4,76.7,,,50.0,23.7
Colombia,2018,6.125,COL,0.58,Colombia,17104.1313545678,51.6,9.36,1.4,76.7,,,50.0,23.7
Colombia,2019,6.16340017318726,COL,0.686,Colombia,17336.7716030551,52.5,10.28,1.4,76.7,,,50.0,23.7
Colombia,2020,6.012,COL,0.701,Colombia,15861.4999291295,54.4,15.983,1.4,76.7,,,50.0,23.7
Colombia,2021,5.781,COL,0.717,Colombia,17383.0901728295,55.1,13.898,1.4,76.7,,,50.0,23.7
Colombia,2022,5.63,COL,0.659,Colombia,18458.7209460704,54.8,10.541,1.4,76.7,,,50.0,23.7
Colombia,2023,5.695,COL,0.667,Colombia,18382.9976800475,54.6,9.591,1.4,76.7,,,50.0,23.7
Comoros,2015,3.956,COM,,Comoros,3302.38635129322,,4.031,,,,,,
Comoros,2018,3.973,COM,,Comoros,3457.58685798732,,3.975,,,,,,
Comoros,2019,4.28859996795654,COM,,Comoros,3451.42139338772,,3.926,,,,,,
Comoros,2020,4.289,COM,,Comoros,3377.74564051638,34.2,4.468,,,,,,
Comoros,2021,4.609,COM,,Comoros,3377.88518482587,,4.394,,,,,,
Comoros,2022,3.545,COM,,Comoros,3399.27830776976,,3.879,,,,,,
Comoros,2023,3.566,COM,,Comoros,3434.40177367723,,3.833,,,,,,
DR Congo,2015,4.272,COD,,"Congo, Dem. Rep.",1433.21579814709,,4.441,,,,,,
DR Congo,2016,4.28,COD,,"Congo, Dem. Rep.",1388.80163211633,,4.528,,,,,,
DR Congo,2017,4.245,COD,,"Congo, Dem. Rep.",1395.71961761712,,4.613,,,,,,
DR Congo,2018,4.418,COD,,"Congo, Dem. Rep.",1431.7285269693,,4.632,,,,,,
DR Congo,2019,4.31099987030029,COD,,"Congo, Dem. Rep.",1394.76461472893,,4.605,,,,,,
DR Congo,2022,3.207,COD,,"Congo, Dem. Rep.",1484.33841881449,,4.54,,,,,,
DR Congo,2023,3.295,COD,,"Congo, Dem. Rep.",1559.33806475859,,4.469,,,,,,
Congo,2015,4.236,COG,,"Congo, Rep.",8977.70681641417,,20.02,,,,,,
Congo,2016,4.291,COG,,"Congo, Rep.",8001.8255194505,,20.298,,,,,,
Congo,2017,4.559,COG,,"Congo, Rep.",7372.77046737599,,20.737,,,,,,
Congo,2018,4.812,COG,,"Congo, Rep.",7029.33651566257,,20.84,,,,,,
Congo,2019,5.1943998336792,COG,,"Congo, Rep.",6939.36913397466,,20.494,,,,,,
Congo,2020,5.342,COG,,"Congo, Rep.",6350.50913409722,,22.286,,,,,,
Congo,2021,5.075,COG,,"Congo, Rep.",6263.21161292636,,21.998,,,,,,
Congo,2022,5.267,COG,,"Congo, Rep.",6205.1050414034,,20.131,,,,,,
Congo,2023,5.221,COG,,"Congo, Rep.",6172.28776650683,,19.919,,,,,,
Costa Rica,2015,7.087,CRI,0.254,Costa Rica,21254.7840932049,48.4,8.415,1.8,80.5,17.0,,47.0,22.0
Costa Rica,2016,7.079,CRI,0.276,Costa Rica,21925.6000803999,48.7,8.085,1.8,80.5,17.0,,47.0,22.0
Costa Rica,2017,7.072,CRI,0.438,Costa Rica,22622.5534502517,48.3,7.729,1.8,80.5,17.0,,47.0,22.0
Costa Rica,2018,7.167,CRI,0.458,Costa Rica,23005.3121471794,48.0,9.01,1.8,80.5,17.0,,47.0,22.0
Costa Rica,2019,7.12139987945557,CRI,0.468,Costa Rica,23364.783127574,48.2,10.807,1.8,80.5,17.0,,47.0,22.0
Costa Rica,2020,7.069,CRI,0.537,Costa Rica,22211.8613921698,49.2,16.432,1.8,80.5,17.0,,47.0,22.0
Costa Rica,2021,6.582,CRI,0.596,Costa Rica,23852.9253020002,48.7,15.139,1.8,80.5,17.0,,47.0,22.0
Costa Rica,2022,6.609,CRI,0.578,Costa Rica,24831.7193480342,47.2,11.325,1.8,80.5,17.0,,47.0,22.0
Costa Rica,2023,6.955,CRI,,Costa Rica,25979.6286150717,46.7,8.325,1.8,80.5,17.0,,47.0,22.0
Côte d’Ivoire,2015,3.916,CIV,,Cote d'Ivoire,5110.86240809881,41.5,2.573,,,,,,
Côte d’Ivoire,2016,4.18,CIV,,Cote d'Ivoire,5320.84646239855,,1.896,,,,,,
Côte d’Ivoire,2017,4.671,CIV,,Cote d'Ivoire,5556.11366322898,,3.272,,,,,,
Côte d’Ivoire,2018,4.944,CIV,,Cote d'Ivoire,5670.20005356688,37.2,2.852,,,,,,
Côte d’Ivoire,2019,5.23330020904541,CIV,,Cote d'Ivoire,5894.87874674153,,2.401,,,,,,
Côte d’Ivoire,2020,5.306,CIV,,Cote d'Ivoire,5787.81533309018,,2.588,,,,,,
Côte d’Ivoire,2021,5.235,CIV,,Cote d'Ivoire,6045.20480490879,35.3,2.623,,,,,,
Côte d’Ivoire,2022,5.053,CIV,,Cote d'Ivoire,6272.26395759415,,2.31,,,,,,
Côte d’Ivoire,2023,5.08,CIV,,Cote d'Ivoire,6520.89886460031,,2.263,,,,,,
Croatia,2015,5.488,HRV,,Croatia,29466.6996894141,31.1,16.15,,,,,,
Croatia,2016,5.293,HRV,,Croatia,30821.1637498177,30.9,13.015,,,,,,
Croatia,2017,5.321,HRV,,Croatia,32348.9341876482,30.4,11.078,,,,,,
Croatia,2018,5.432,HRV,,Croatia,33729.9071211239,29.7,8.322,,,,,,
Croatia,2019,5.50470018386841,HRV,,Croatia,35122.8508251139,28.9,6.551,,,,,,
Croatia,2020,5.882,HRV,0.664,Croatia,32493.3121954167,29.5,7.389,,,,,,
Croatia,2021,6.125,HRV,0.733,Croatia,36930.2841941405,28.9,7.483,,,,,,
Croatia,2022,6.125,HRV,,Croatia,39864.0100879958,30.0,6.811,,,,,,
Croatia,2023,5.942,HRV,,Croatia,41320.2032633085,30.1,6.121,,,,,,
Cyprus,2015,5.546,CYP,,Cyprus,37258.65234375,34.0,15.026,,,,,,
Cyprus,2016,5.621,CYP,,Cyprus,39501.015625,32.9,13.006,,,,,,
Cyprus,2017,5.762,CYP,,Cyprus,41418.16015625,31.4,11.155,,,,,,
Cyprus,2018,6.046,CYP,,Cyprus,43510.2109375,32.7,8.504,,,,,,
Cyprus,2019,6.15899991989136,CYP,,Cyprus,45454.36328125,31.2,7.155,,,,,,
Cyprus,2020,6.223,CYP,,Cyprus,43402.5390625,31.7,7.755,,,,,,
Cyprus,2021,6.221,CYP,,Cyprus,47632.76953125,31.3,7.513,,,,,,
Cyprus,2022,6.13,CYP,,Cyprus,50623.796875,31.5,6.806,,,,,,
Cyprus,2023,6.068,CYP,,Cyprus,51453.7265625,31.8,5.835,,,,,,
Czechia,2015,6.596,CZE,0.212,Czechia,42066.5759800801,25.9,5.048,1.6,79.3,23.4,2.3,77.0,4.5
Czechia,2016,6.609,CZE,0.225,Czechia,43069.4659744727,25.4,3.952,1.6,79.3,23.4,2.3,77.0,4.5
Czechia,2017,6.711,CZE,0.255,Czechia,45177.5226053634,24.9,2.893,1.6,79.3,23.4,2.3,77.0,4.5
Czechia,2018,6.852,CZE,0.277,Czechia,46301.082036029,25.0,2.246,1.6,79.3,23.4,2.3,77.0,4.5
Czechia,2019,6.9109001159668,CZE,0.292,Czechia,47763.6165520254,25.3,2.015,1.6,79.3,23.4,2.3,77.0,4.5
Czechia,2020,6.965,CZE,0.332,Czechia,45119.9387309139,26.2,2.55,1.6,79.3,23.4,2.3,77.0,4.5
Czechia,2021,6.92,CZE,0.353,Czechia,47796.0337408466,26.2,2.803,1.6,79.3,23.4,2.3,77.0,4.5
Czechia,2022,6.845,CZE,,Czechia,48390.661678675,25.9,2.224,1.6,79.3,23.4,2.3,77.0,4.5
Czechia,2023,6.822,CZE,,Czechia,47558.4106763314,25.7,2.579,1.6,79.3,23.4,2.3,77.0,4.5
Denmark,2015,7.526,DNK,2.045,Denmark,62405.7161942122,28.2,6.278,2.0,81.5,23.3,4.5,85.0,1.1
Denmark,2016,7.522,DNK,1.818,Denmark,63823.4502019665,28.2,5.989,2.0,81.5,23.3,4.5,85.0,1.1
Denmark,2017,7.555,DNK,1.7,Denmark,65352.3988081353,28.7,5.833,2.0,81.5,23.3,4.5,85.0,1.1
Denmark,2018,7.6,DNK,1.524,Denmark,66238.705427981,28.2,5.131,2.0,81.5,23.3,4.5,85.0,1.1
Denmark,2019,7.64559984207153,DNK,1.485,Denmark,67131.4657009734,27.7,5.018,2.0,81.5,23.3,4.5,85.0,1.1
Denmark,2020,7.62,DNK,1.762,Denmark,65744.4367251959,27.5,5.644,2.0,81.5,23.3,4.5,85.0,1.1
Denmark,2021,7.636,DNK,1.488,Denmark,69715.1809680929,28.3,5.065,2.0,81.5,23.3,4.5,85.0,1.1
Denmark,2022,7.586,DNK,,Denmark,69475.3198650883,29.3,4.434,2.0,81.5,23.3,4.5,85.0,1.1
Denmark,2023,7.583,DNK,,Denmark,69379.22000847,29.9,5.094,2.0,81.5,23.3,4.5,85.0,1.1
Dominican Republic,2015,5.155,DOM,,Dominican Republic,17973.1870256815,45.2,7.605,,,,,,
Dominican Republic,2016,5.23,DOM,,Dominican Republic,18968.9752386179,45.7,7.284,,,,,,
Dominican Republic,2017,5.302,DOM,,Dominican Republic,19501.8743054078,42.2,5.832,,,,,,
Dominican Republic,2018,5.425,DOM,,Dominican Republic,20662.848586153,43.7,5.861,,,,,,
Dominican Republic,2019,5.68919992446899,DOM,,Dominican Republic,21451.286441995,41.9,6.356,,,,,,
Dominican Republic,2020,5.545,DOM,,Dominican Republic,19545.4099552943,39.6,6.126,,,,,,
Dominican Republic,2021,5.737,DOM,,Dominican Republic,22053.4589869955,38.5,7.702,,,,,,
Dominican Republic,2022,5.569,DOM,,Dominican Republic,22986.95808105,37.0,5.504,,,,,,
Dominican Republic,2023,5.823,DOM,,Dominican Republic,23282.4895071054,38.4,5.555,,,,,,
Ecuador,2015,5.976,ECU,,Ecuador,13881.5700738105,46.0,3.616,,,,,,
Ecuador,2016,6.008,ECU,,Ecuador,13586.5160772568,45.0,4.597,,,,,,
Ecuador,2017,5.973,ECU,,Ecuador,14179.1537503305,44.7,3.836,,,,,,
Ecuador,2018,6.028,ECU,,Ecuador,14083.5069982304,45.4,3.53,,,,,,
Ecuador,2019,5.92519998550415,ECU,,Ecuador,13870.4895118068,45.7,3.812,,,,,,
Ecuador,2020,5.764,ECU,,Ecuador,12440.3263747814,47.3,6.116,,,,,,
Ecuador,2021,5.533,ECU,,Ecuador,13507.4445638375,45.8,4.504,,,,,,
Ecuador,2022,5.559,ECU,,Ecuador,14186.6388544625,45.5,3.713,,,,,,
Ecuador,2023,5.725,ECU,,Ecuador,14343.0190134813,44.6,3.51,,,,,,
Egypt,2015,4.362,EGY,,"Egypt, Arab Rep.",13425.9119599775,31.8,13.052,,,,,,
Egypt,2016,4.735,EGY,,"Egypt, Arab Rep.",13727.3201600494,,12.45,,,,,,
Egypt,2017,4.419,EGY,,"Egypt, Arab Rep.",14018.360593453,31.5,11.767,,,,,,
Egypt,2018,4.166,EGY,,"Egypt, Arab Rep.",14488.2094340483,,9.855,,,,,,
Egypt,2019,4.15140008926392,EGY,,"Egypt, Arab Rep.",15026.5682438097,31.9,7.851,,,,,,
Egypt,2020,4.283,EGY,,"Egypt, Arab Rep.",15309.2359881702,,7.974,,,,,,
Egypt,2021,4.288,EGY,,"Egypt, Arab Rep.",15579.0160861551,28.5,7.441,,,,,,
Egypt,2022,4.17,EGY,,"Egypt, Arab Rep.",16360.3907750364,,6.546,,,,,,
Egypt,2023,3.977,EGY,,"Egypt, Arab Rep.",16691.387399222,,6.753,,,,,,
El Salvador,2015,6.068,SLV,,El Salvador,9646.15432339854,40.6,3.998,,,,,,
El Salvador,2016,6.003,SLV,,El Salvador,9863.76121214453,40.0,4.418,,,,,,
El Salvador,2017,6.167,SLV,,El Salvador,10064.7934942601,38.0,4.385,,,,,,
El Salvador,2018,6.253,SLV,,El Salvador,10297.203612692,38.6,4.006,,,,,,
El Salvador,2019,6.34829998016357,SLV,,El Salvador,10543.9383291317,38.8,4.17,,,,,,
El Salvador,2020,6.061,SLV,,El Salvador,9692.44931605799,,5.008,,,,,,
El Salvador,2021,6.12,SLV,,El Salvador,10809.713399518,39.0,4.327,,,,,,
El Salvador,2022,6.122,SLV,,El Salvador,11085.6178074688,38.8,2.999,,,,,,
El Salvador,2023,6.469,SLV,,El Salvador,11424.6459176917,39.8,2.992,,,,,,
Estonia,2015,5.517,EST,0.103,Estonia,36356.4410152614,32.7,6.412,2.7,78.8,17.0,5.4,79.0,2.2
Estonia,2016,5.611,EST,0.106,Estonia,37470.0427676805,31.2,6.882,2.7,78.8,17.0,5.4,79.0,2.2
Estonia,2017,5.739,EST,0.105,Estonia,39533.4645582199,30.4,5.807,2.7,78.8,17.0,5.4,79.0,2.2
Estonia,2018,5.893,EST,0.119,Estonia,40853.6487755073,30.3,5.412,2.7,78.8,17.0,5.4,79.0,2.2
Estonia,2019,6.02180004119873,EST,0.108,Estonia,42218.962853871,30.8,4.514,2.7,78.8,17.0,5.4,79.0,2.2
Estonia,2020,6.189,EST,0.11,Estonia,40920.5270623015,30.7,6.956,2.7,78.8,17.0,5.4,79.0,2.2
Estonia,2021,6.341,EST,0.129,Estonia,44251.5374983455,31.8,6.178,2.7,78.8,17.0,5.4,79.0,2.2
Estonia,2022,6.455,EST,0.14,Estonia,43128.6327713627,32.3,5.571,2.7,78.8,17.0,5.4,79.0,2.2
Estonia,2023,6.448,EST,,Estonia,41288.6165892158,30.7,6.378,2.7,78.8,17.0,5.4,79.0,2.2
Swaziland,2018,4.212,SWZ,,Eswatini,9578.10061089805,,26.471,,,,,,
Swaziland,2019,4.30810022354126,SWZ,,Eswatini,10099.5863118406,,28.222,,,,,,
Swaziland,2020,4.308,SWZ,,Eswatini,9695.82498058755,,32.978,,,,,,
Eswatini,2021,4.396,SWZ,,Eswatini,9990.43491951205,,34.153,,,,,,
Eswatini,2023,3.502,SWZ,,Eswatini,10181.5040730397,,34.61,,,,,,
Ethiopia,2015,4.508,ETH,,Ethiopia,1957.41454187301,35.0,2.442,,,,,,
Ethiopia,2016,4.46,ETH,,Ethiopia,2084.840556194,,2.556,,,,,,
Ethiopia,2017,4.35,ETH,,Ethiopia,2222.82824481382,,2.665,,,,,,
Ethiopia,2018,4.286,ETH,,Ethiopia,2311.16511659606,,2.811,,,,,,
Ethiopia,2019,4.18620014190674,ETH,,Ethiopia,2437.97046055952,,2.928,,,,,,
Ethiopia,2020,4.275,ETH,,Ethiopia,2516.54907642544,,3.998,,,,,,
Ethiopia,2021,4.241,ETH,,Ethiopia,2588.41310215884,31.1,3.935,,,,,,
Ethiopia,2022,4.091,ETH,,Ethiopia,2655.59276743729,,3.386,,,,,,
Ethiopia,2023,3.861,ETH,,Ethiopia,2757.95923634026,,3.375,,,,,,
Finland,2015,7.413,FIN,1.454,Finland,52782.4873926277,27.1,9.376,2.2,82.1,23.1,2.2,88.0,3.6
Finland,2016,7.469,FIN,1.432,Finland,53984.6316254715,27.1,8.818,2.2,82.1,23.1,2.2,88.0,3.6
Finland,2017,7.632,FIN,1.271,Finland,55637.2262781223,27.4,8.64,2.2,82.1,23.1,2.2,88.0,3.6
Finland,2018,7.769,FIN,1.156,Finland,56226.337241343,27.3,7.361,2.2,82.1,23.1,2.2,88.0,3.6
Finland,2019,7.80870008468628,FIN,1.154,Finland,56922.4873163103,27.7,6.695,2.2,82.1,23.1,2.2,88.0,3.6
Finland,2020,7.842,FIN,1.156,Finland,55424.8574989208,27.1,7.759,2.2,82.1,23.1,2.2,88.0,3.6
Finland,2021,7.821,FIN,1.245,Finland,56790.3766177692,27.7,7.617,2.2,82.1,23.1,2.2,88.0,3.6
Finland,2022,7.804,FIN,,Finland,57068.3056478074,27.9,6.719,2.2,82.1,23.1,2.2,88.0,3.6
Finland,2023,7.741,FIN,,Finland,56250.8787899319,27.4,7.149,2.2,82.1,23.1,2.2,88.0,3.6
France,2015,6.478,FRA,3.575,France,50682.8953586333,32.7,10.354,2.1,82.9,20.7,3.1,74.0,7.7
France,2016,6.442,FRA,2.882,France,50984.075297832,31.9,10.057,2.1,82.9,20.7,3.1,74.0,7.7
France,2017,6.489,FRA,2.855,France,51895.5662985838,31.6,9.409,2.1,82.9,20.7,3.1,74.0,7.7
France,2018,6.592,FRA,2.838,France,52560.9536243841,32.4,9.018,2.1,82.9,20.7,3.1,74.0,7.7
France,2019,6.66379976272583,FRA,2.793,France,53448.5548849943,31.2,8.415,2.1,82.9,20.7,3.1,74.0,7.7
France,2020,6.69,FRA,2.924,France,49311.333409639,30.7,8.009,2.1,82.9,20.7,3.1,74.0,7.7
France,2021,6.687,FRA,2.848,France,52517.3354905855,31.5,7.871,2.1,82.9,20.7,3.1,74.0,7.7
France,2022,6.661,FRA,2.845,France,53673.8137406422,31.2,7.303,2.1,82.9,20.7,3.1,74.0,7.7
France,2023,6.609,FRA,,France,54296.7230897731,31.8,7.335,2.1,82.9,20.7,3.1,74.0,7.7
Gabon,2015,4.121,GAB,,Gabon,20147.7116202405,,19.943,,,,,,
Gabon,2016,4.465,GAB,,Gabon,19988.1755963792,,20.117,,,,,,
Gabon,2017,4.758,GAB,,Gabon,19555.7078829752,38.0,20.307,,,,,,
Gabon,2018,4.799,GAB,,Gabon,19225.5982575261,,20.459,,,,,,
Gabon,2019,4.82929992675781,GAB,,Gabon,19491.4067631986,,20.371,,,,,,
Gabon,2020,4.852,GAB,,Gabon,18681.4840738985,,21.279,,,,,,
Gabon,2021,4.958,GAB,,Gabon,18523.5798032193,,21.223,,,,,,
Gabon,2022,5.035,GAB,,Gabon,18662.0497970621,,20.319,,,,,,
Gabon,2023,5.106,GAB,,Gabon,18701.4227766897,,20.161,,,,,,
Gambia,2018,4.516,GMB,,"Gambia, The",2651.43281455826,,4.055,,,,,,
Gambia,2019,4.75059986114502,GMB,,"Gambia, The",2750.82132179634,,4.481,,,,,,
Gambia,2020,5.051,GMB,,"Gambia, The",2702.31919474482,38.8,5.84,,,,,,
Gambia,2021,5.164,GMB,,"Gambia, The",2777.79620978324,,6.213,,,,,,
Gambia,2022,4.279,GMB,,"Gambia, The",2863.18049829859,,6.067,,,,,,
Gambia,2023,4.485,GMB,,"Gambia, The",2963.59873325179,,6.479,,,,,,
Georgia,2015,4.252,GEO,,Georgia,14936.8434116647,36.5,16.506,,,,,,
Georgia,2016,4.286,GEO,,Georgia,15442.9564358054,36.6,16.604,,,,,,
Georgia,2017,4.34,GEO,,Georgia,16237.6242230275,37.9,13.939,,,,,,
Georgia,2018,4.519,GEO,,Georgia,17228.6790847503,36.4,12.667,,,,,,
Georgia,2019,4.67259979248047,GEO,,Georgia,18186.8816465807,35.9,11.565,,,,,,
Georgia,2020,4.891,GEO,,Georgia,17031.1440283426,34.5,11.734,,,,,,
Georgia,2021,4.973,GEO,,Georgia,18915.6534005263,34.2,11.785,,,,,,
Georgia,2022,5.109,GEO,,Georgia,20966.5280391134,33.5,11.621,,,,,,
Georgia,2023,5.185,GEO,,Georgia,22590.5293649146,34.8,11.549,,,,,,
Germany,2015,6.994,DEU,1.166,Germany,59573.7089539686,31.4,4.612,1.8,81.4,20.0,1.4,76.0,3.9
Germany,2016,6.951,DEU,1.161,Germany,60407.9713703755,31.3,4.104,1.8,81.4,20.0,1.4,76.0,3.9
Germany,2017,6.965,DEU,1.154,Germany,61866.4872205276,31.3,3.781,1.8,81.4,20.0,1.4,76.0,3.9
Germany,2018,6.985,DEU,1.193,Germany,62381.3478772241,31.9,3.384,1.8,81.4,20.0,1.4,76.0,3.9
Germany,2019,7.0757999420166,DEU,1.175,Germany,62849.3741865912,32.2,3.163,1.8,81.4,20.0,1.4,76.0,3.9
Germany,2020,7.155,DEU,1.25,Germany,60203.289760263,32.5,3.881,1.8,81.4,20.0,1.4,76.0,3.9
Germany,2021,7.034,DEU,1.195,Germany,62530.7653199239,33.6,3.594,1.8,81.4,20.0,1.4,76.0,3.9
Germany,2022,6.892,DEU,,Germany,63676.087821808,33.7,3.137,1.8,81.4,20.0,1.4,76.0,3.9
Germany,2023,6.719,DEU,,Germany,63039.3719696432,,3.071,1.8,81.4,20.0,1.4,76.0,3.9
Ghana,2015,4.276,GHA,,Ghana,5607.36635657413,,6.806,,,,,,
Ghana,2016,4.12,GHA,,Ghana,5666.07795334591,43.5,5.256,,,,,,
Ghana,2017,4.657,GHA,,Ghana,5993.63085211077,,3.369,,,,,,
Ghana,2018,4.996,GHA,,Ghana,6234.51208201488,,3.204,,,,,,
Ghana,2019,5.14799976348877,GHA,,Ghana,6508.24652305901,,3.067,,,,,,
Ghana,2020,5.088,GHA,,Ghana,6412.68541762469,,3.178,,,,,,
Ghana,2021,4.872,GHA,,Ghana,6607.50297378321,,3.2,,,,,,
Ghana,2022,4.605,GHA,,Ghana,6728.45414012286,,2.87,,,,,,
Ghana,2023,4.289,GHA,,Ghana,6808.53775165029,,2.829,,,,,,
Greece,2015,5.033,GRC,0.468,Greece,31347.976574604,36.0,24.981,1.8,81.7,21.8,21.7,69.0,4.5
Greece,2016,5.227,GRC,0.504,Greece,31468.6198471099,35.0,23.514,1.8,81.7,21.8,21.7,69.0,4.5
Greece,2017,5.358,GRC,0.486,Greece,31995.4108838386,34.4,21.413,1.8,81.7,21.8,21.7,69.0,4.5
Greece,2018,5.287,GRC,0.52,Greece,32722.3310444029,32.9,19.179,1.8,81.7,21.8,21.7,69.0,4.5
Greece,2019,5.5149998664856,GRC,0.575,Greece,33502.7506488997,33.1,17.045,1.8,81.7,21.8,21.7,69.0,4.5
Greece,2020,5.723,GRC,0.606,Greece,30487.1129331045,33.6,15.899,1.8,81.7,21.8,21.7,69.0,4.5
Greece,2021,5.948,GRC,0.565,Greece,33531.15511226,32.9,14.656,1.8,81.7,21.8,21.7,69.0,4.5
Greece,2022,5.931,GRC,,Greece,35831.3441781205,33.4,12.426,1.8,81.7,21.8,21.7,69.0,4.5
Greece,2023,5.934,GRC,,Greece,36700.5134631055,33.4,11.023,1.8,81.7,21.8,21.7,69.0,4.5
Guatemala,2015,6.324,GTM,,Guatemala,10785.9584615777,,2.506,,,,,,
Guatemala,2016,6.454,GTM,,Guatemala,10872.5939962916,,2.583,,,,,,
Guatemala,2017,6.382,GTM,,Guatemala,11005.4593976653,,2.462,,,,,,
Guatemala,2018,6.436,GTM,,Guatemala,11192.372055508,,2.283,,,,,,
Guatemala,2019,6.39890003204346,GTM,,Guatemala,11466.3765822795,,2.193,,,,,,
Guatemala,2020,6.435,GTM,,Guatemala,11097.15041153,,2.965,,,,,,
Guatemala,2021,6.262,GTM,,Guatemala,11825.141273764,,2.174,,,,,,
Guatemala,2022,6.15,GTM,,Guatemala,12147.9309684074,,3.051,,,,,,
Guatemala,2023,6.287,GTM,,Guatemala,12384.948508094,45.2,2.344,,,,,,
Guinea,2015,3.607,GIN,,Guinea,2869.85157178732,,5.15,,,,,,
Guinea,2016,3.507,GIN,,Guinea,3099.78874189372,,4.997,,,,,,
Guinea,2017,3.964,GIN,,Guinea,3332.76576150531,,4.86,,,,,,
Guinea,2018,4.534,GIN,,Guinea,3455.64512638662,29.6,4.835,,,,,,
Guinea,2019,4.94929981231689,GIN,,Guinea,3557.46233883145,,5.018,,,,,,
Guinea,2020,4.984,GIN,,Guinea,3630.99330577677,,6.007,,,,,,
Guinea,2021,4.891,GIN,,Guinea,3738.8051255133,,5.815,,,,,,
Guinea,2022,5.072,GIN,,Guinea,3792.01068836277,,5.174,,,,,,
Guinea,2023,5.023,GIN,,Guinea,3904.82395527998,,5.141,,,,,,
Haiti,2015,4.028,HTI,,Haiti,3433.07529240973,,13.785,,,,,,
Haiti,2016,3.603,HTI,,Haiti,3446.75276647872,,13.902,,,,,,
Haiti,2017,3.582,HTI,,Haiti,3485.4923470131,,13.932,,,,,,
Haiti,2018,3.597,HTI,,Haiti,3496.87870320748,,13.934,,,,,,
Haiti,2019,3.72079992294312,HTI,,Haiti,3392.43263210456,,14.095,,,,,,
Haiti,2020,3.615,HTI,,Haiti,3239.83543441301,,15.573,,,,,,
Honduras,2015,4.871,HND,,Honduras,5812.5348879105,49.2,6.147,,,,,,
Honduras,2016,5.181,HND,,Honduras,5926.49025534228,49.8,6.727,,,,,,
Honduras,2017,5.504,HND,,Honduras,6099.60734919414,49.4,5.528,,,,,,
Honduras,2018,5.86,HND,,Honduras,6219.27973775059,48.9,5.648,,,,,,
Honduras,2019,5.95319986343384,HND,,Honduras,6264.01884276715,48.2,5.698,,,,,,
Honduras,2020,5.919,HND,,Honduras,5603.26398377777,,10.982,,,,,,
Honduras,2021,6.022,HND,,Honduras,6202.98078812037,,8.506,,,,,,
Honduras,2022,6.023,HND,,Honduras,6352.58710177732,,8.774,,,,,,
Honduras,2023,5.968,HND,,Honduras,6467.8800352783,46.8,6.07,,,,,,
Hong Kong SAR of China,2015,5.458,HKG,,"Hong Kong SAR, China",62779.7484353718,,3.314,,,,,,
Hong Kong SAR of China,2016,5.472,HKG,,"Hong Kong SAR, China",63749.4095274634,,3.392,,,,,,
Hong Kong SAR of China,2017,5.43,HKG,,"Hong Kong SAR, China",65662.8359167546,,3.124,,,,,,
Hong Kong SAR of China,2018,5.43,HKG,,"Hong Kong SAR, China",66993.9679794398,,2.805,,,,,,
Hong Kong SAR of China,2019,5.51039981842041,HKG,,"Hong Kong SAR, China",65388.3336248234,,2.917,,,,,,
Hong Kong SAR of China,2020,5.477,HKG,,"Hong Kong SAR, China",61328.5288044938,,5.808,,,,,,
Hong Kong SAR of China,2021,5.425,HKG,,"Hong Kong SAR, China",65884.9376260603,,5.174,,,,,,
Hong Kong SAR of China,2022,5.308,HKG,,"Hong Kong SAR, China",64036.6454154727,,4.318,,,,,,
Hong Kong SAR of China,2023,5.316,HKG,,"Hong Kong SAR, China",64434.5576690871,,2.949,,,,,,
Hungary,2015,5.145,HUN,0.355,Hungary,31485.5675425634,30.4,6.813,1.2,76.4,19.9,3.8,74.0,1.5
Hungary,2016,5.324,HUN,0.368,Hungary,32378.9674983075,30.3,5.115,1.2,76.4,19.9,3.8,74.0,1.5
Hungary,2017,5.62,HUN,0.361,Hungary,33828.714942571,30.6,4.156,1.2,76.4,19.9,3.8,74.0,1.5
Hungary,2018,5.758,HUN,0.373,Hungary,35798.0412754022,,3.667,1.2,76.4,19.9,3.8,74.0,1.5
Hungary,2019,6.00040006637573,HUN,0.327,Hungary,37662.67681014,,3.411,1.2,76.4,19.9,3.8,74.0,1.5
Hungary,2020,5.992,HUN,0.332,Hungary,36119.5211735652,,4.248,1.2,76.4,19.9,3.8,74.0,1.5
Hungary,2021,6.086,HUN,0.299,Hungary,38887.1909527154,,4.021,1.2,76.4,19.9,3.8,74.0,1.5
Hungary,2022,6.041,HUN,,Hungary,40610.9711368238,,3.583,1.2,76.4,19.9,3.8,74.0,1.5
Hungary,2023,6.017,HUN,,Hungary,40333.2546888118,,4.096,1.2,76.4,19.9,3.8,74.0,1.5
Iceland,2015,7.501,ISL,,Iceland,60725.7271247657,26.8,3.979,2.1,83.2,,1.0,85.0,11.7
Iceland,2016,7.504,ISL,,Iceland,63612.5551585223,27.2,2.978,2.1,83.2,,1.0,85.0,11.7
Iceland,2017,7.495,ISL,,Iceland,64303.3782501037,26.1,2.742,2.1,83.2,,1.0,85.0,11.7
Iceland,2018,7.494,ISL,,Iceland,65521.9313424781,26.6,2.704,2.1,83.2,,1.0,85.0,11.7
Iceland,2019,7.50449991226196,ISL,,Iceland,64826.4324085557,26.8,3.507,2.1,83.2,,1.0,85.0,11.7
Iceland,2020,7.554,ISL,,Iceland,59543.813498684,,5.478,2.1,83.2,,1.0,85.0,11.7
Iceland,2021,7.557,ISL,,Iceland,61610.2132740715,,6.029,2.1,83.2,,1.0,85.0,11.7
Iceland,2022,7.53,ISL,,Iceland,65380.3173049324,,3.789,2.1,83.2,,1.0,85.0,11.7
Iceland,2023,7.525,ISL,,Iceland,68118.3960312086,,3.518,2.1,83.2,,1.0,85.0,11.7
India,2015,4.404,IND,,India,6488.14602910787,,7.629,,,,,,
India,2016,4.315,IND,,India,6940.62588857522,,7.611,,,,,,
India,2017,4.19,IND,,India,7326.60693679859,,7.626,,,,,,
India,2018,4.015,IND,,India,7714.33974724531,,7.652,,,,,,
India,2019,3.57329988479614,IND,,India,7930.0911303899,,6.51,,,,,,
India,2020,3.819,IND,,India,7399.53068079041,,7.859,,,,,,
India,2021,3.777,IND,,India,8050.01857452664,,6.38,,,,,,
India,2022,4.036,IND,,India,8594.39190499879,25.5,4.822,,,,,,
India,2023,4.054,IND,,India,9301.75603225735,,4.172,,,,,,
Indonesia,2015,5.314,IDN,,Indonesia,10893.6621142169,38.2,4.514,,,,,,
Indonesia,2016,5.262,IDN,,Indonesia,11319.6634287738,36.9,4.301,,,,,,
Indonesia,2017,5.093,IDN,,Indonesia,11772.5743296107,36.4,3.783,,,,,,
Indonesia,2018,5.192,IDN,,Indonesia,12262.2310300771,36.3,4.387,,,,,,
Indonesia,2019,5.28560018539429,IDN,,Indonesia,12757.7850854842,35.4,3.59,,,,,,
Indonesia,2020,5.345,IDN,,Indonesia,12388.5449268131,35.3,4.255,,,,,,
Indonesia,2021,5.24,IDN,,Indonesia,12757.0746440204,35.5,3.827,,,,,,
Indonesia,2022,5.277,IDN,,Indonesia,13334.2653947637,35.5,3.462,,,,,,
Indonesia,2023,5.568,IDN,,Indonesia,13889.9749067297,36.1,3.308,,,,,,
Iran,2015,4.813,IRN,,"Iran, Islamic Rep.",14841.9048340737,35.3,11.166,,,,,,
Iran,2016,4.692,IRN,,"Iran, Islamic Rep.",15920.3718021202,35.9,12.618,,,,,,
Iran,2017,4.707,IRN,,"Iran, Islamic Rep.",16167.9677224227,36.7,12.232,,,,,,
Iran,2018,4.548,IRN,,"Iran, Islamic Rep.",15364.8049052614,37.4,12.195,,,,,,
Iran,2019,4.67239999771118,IRN,,"Iran, Islamic Rep.",14841.0751514998,36.5,10.74,,,,,,
Iran,2020,4.721,IRN,,"Iran, Islamic Rep.",15381.5845437266,35.8,9.687,,,,,,
Iran,2021,4.888,IRN,,"Iran, Islamic Rep.",15884.4276775963,35.5,9.282,,,,,,
Iran,2022,4.876,IRN,,"Iran, Islamic Rep.",16377.9610645368,34.8,9.085,,,,,,
Iran,2023,4.923,IRN,,"Iran, Islamic Rep.",17044.8173461033,35.9,8.129,,,,,,
Iraq,2015,4.575,IRQ,,Iraq,13516.0271989204,,10.865,,,,,,
Iraq,2016,4.497,IRQ,,Iraq,15016.0920644592,,10.82,,,,,,
Iraq,2017,4.456,IRQ,,Iraq,14417.6306896487,,13.02,,,,,,
Iraq,2018,4.437,IRQ,,Iraq,14456.2357053224,,13.458,,,,,,
Iraq,2019,4.78480005264282,IRQ,,Iraq,14910.2250318887,,14.096,,,,,,
Iraq,2020,4.854,IRQ,,Iraq,12827.6345392323,,15.766,,,,,,
Iraq,2021,4.941,IRQ,,Iraq,12731.7535755129,,16.173,,,,,,
Iraq,2022,4.941,IRQ,,Iraq,13433.3977166987,,15.41,,,,,,
Iraq,2023,5.166,IRQ,,Iraq,13202.3228073875,29.8,15.239,,,,,,
Ireland,2015,6.907,IRL,,Ireland,80954.6619818255,31.8,9.908,1.3,82.8,20.6,2.6,76.0,4.7
Ireland,2016,6.977,IRL,,Ireland,80899.0223207227,32.8,8.374,1.3,82.8,20.6,2.6,76.0,4.7
Ireland,2017,6.977,IRL,,Ireland,87882.7074355024,31.4,6.713,1.3,82.8,20.6,2.6,76.0,4.7
Ireland,2018,7.021,IRL,,Ireland,93276.0188154012,30.6,5.741,1.3,82.8,20.6,2.6,76.0,4.7
Ireland,2019,7.09369993209839,IRL,,Ireland,96371.2910180182,30.3,4.95,1.3,82.8,20.6,2.6,76.0,4.7
Ireland,2020,7.085,IRL,,Ireland,101968.554362011,29.2,5.623,1.3,82.8,20.6,2.6,76.0,4.7
Ireland,2021,7.041,IRL,1.589,Ireland,116903.61243517,29.4,6.357,1.3,82.8,20.6,2.6,76.0,4.7
Ireland,2022,6.911,IRL,,Ireland,123219.076059494,29.9,4.465,1.3,82.8,20.6,2.6,76.0,4.7
Ireland,2023,6.838,IRL,,Ireland,117862.128878959,29.0,4.243,1.3,82.8,20.6,2.6,76.0,4.7
Israel,2015,7.267,ISR,,Israel,40967.3707596637,39.7,5.176,2.5,82.9,,4.6,80.0,14.1
Israel,2016,7.213,ISR,,Israel,41963.675796165,39.0,4.723,2.5,82.9,,4.6,80.0,14.1
Israel,2017,7.19,ISR,,Israel,42947.0586686984,38.2,4.14,2.5,82.9,,4.6,80.0,14.1
Israel,2018,7.139,ISR,,Israel,43814.2949977965,38.6,3.917,2.5,82.9,,4.6,80.0,14.1
Israel,2019,7.12860012054443,ISR,,Israel,44580.8078825716,38.3,3.731,2.5,82.9,,4.6,80.0,14.1
Israel,2020,7.157,ISR,,Israel,42915.9416939728,37.8,4.169,2.5,82.9,,4.6,80.0,14.1
Israel,2021,7.364,ISR,,Israel,46162.0822730247,37.9,4.812,2.5,82.9,,4.6,80.0,14.1
Israel,2022,7.473,ISR,2.269,Israel,48098.187235579,38.3,3.695,2.5,82.9,,4.6,80.0,14.1
Israel,2023,7.341,ISR,2.342,Israel,47527.151024672,,3.371,2.5,82.9,,4.6,80.0,14.1
Italy,2015,5.977,ITA,,Italy,47311.8255262709,35.4,11.896,2.5,83.6,22.5,8.6,73.0,3.3
Italy,2016,5.964,ITA,,Italy,47987.8379581014,35.2,11.688,2.5,83.6,22.5,8.6,73.0,3.3
Italy,2017,6.0,ITA,,Italy,48849.2183534756,35.9,11.211,2.5,83.6,22.5,8.6,73.0,3.3
Italy,2018,6.223,ITA,,Italy,49133.143527174,35.2,10.538,2.5,83.6,22.5,8.6,73.0,3.3
Italy,2019,6.38740015029907,ITA,,Italy,49690.6298505274,34.6,9.884,2.5,83.6,22.5,8.6,73.0,3.3
Italy,2020,6.483,ITA,,Italy,45505.0688708956,35.2,9.192,2.5,83.6,22.5,8.6,73.0,3.3
Italy,2021,6.467,ITA,1.056,Italy,49825.3934111848,34.8,9.497,2.5,83.6,22.5,8.6,73.0,3.3
Italy,2022,6.405,ITA,,Italy,52333.3274270604,33.7,8.069,2.5,83.6,22.5,8.6,73.0,3.3
Italy,2023,6.324,ITA,,Italy,52870.3261442897,34.3,7.627,2.5,83.6,22.5,8.6,73.0,3.3
Jamaica,2015,5.51,JAM,,Jamaica,9931.89875715182,,8.825,,,,,,
Jamaica,2016,5.311,JAM,,Jamaica,10179.2536486158,,8.634,,,,,,
Jamaica,2017,5.89,JAM,,Jamaica,10391.0378224678,,7.399,,,,,,
Jamaica,2018,5.89,JAM,,Jamaica,10636.0929784551,35.3,5.47,,,,,,
Jamaica,2019,5.88980007171631,JAM,,Jamaica,10816.3720391154,,4.987,,,,,,
Jamaica,2020,6.309,JAM,,Jamaica,9891.96932961548,,6.501,,,,,,
Jamaica,2021,5.85,JAM,,Jamaica,10430.6909771759,39.9,5.188,,,,,,
Jamaica,2022,5.703,JAM,,Jamaica,11096.6377085321,,4.083,,,,,,
Jamaica,2023,5.842,JAM,,Jamaica,11398.8120394641,,3.022,,,,,,
Japan,2015,5.921,JPN,,Japan,43386.7100739513,30.7,3.385,1.4,84.4,21.8,2.7,77.0,
Japan,2016,5.92,JPN,,Japan,43736.1305076612,31.8,3.132,1.4,84.4,21.8,2.7,77.0,
Japan,2017,5.915,JPN,,Japan,44505.2792603684,31.8,2.822,1.4,84.4,21.8,2.7,77.0,
Japan,2018,5.886,JPN,,Japan,44848.4899421798,32.9,2.467,1.4,84.4,21.8,2.7,77.0,
Japan,2019,5.87080001831055,JPN,,Japan,44730.9102844958,33.0,2.351,1.4,84.4,21.8,2.7,77.0,
Japan,2020,5.94,JPN,,Japan,42992.4796365328,32.3,2.809,1.4,84.4,21.8,2.7,77.0,
Japan,2021,6.039,JPN,2.755,Japan,44355.3487163354,,2.808,1.4,84.4,21.8,2.7,77.0,
Japan,2022,6.129,JPN,,Japan,44972.3438362201,,2.614,1.4,84.4,21.8,2.7,77.0,
Japan,2023,6.06,JPN,,Japan,45858.6595131439,,2.6,1.4,84.4,21.8,2.7,77.0,
Jordan,2015,5.303,JOR,,Jordan,9581.68922567813,,13.075,,,,,,
Jordan,2016,5.336,JOR,,Jordan,9321.9045113153,,15.275,,,,,,
Jordan,2017,5.161,JOR,,Jordan,9339.81039725983,,18.12,,,,,,
Jordan,2018,4.906,JOR,,Jordan,9311.53116265584,,18.257,,,,,,
Jordan,2019,4.63339996337891,JOR,,Jordan,9288.52709103516,,16.801,,,,,,
Jordan,2020,4.395,JOR,,Jordan,9022.63930356769,,19.213,,,,,,
Jordan,2021,4.152,JOR,,Jordan,9182.496161256,,19.837,,,,,,
Jordan,2022,4.12,JOR,,Jordan,9266.57538251337,,18.2,,,,,,
Jordan,2023,4.186,JOR,,Jordan,9381.35436036929,,16.62,,,,,,
Kazakhstan,2015,5.919,KAZ,,Kazakhstan,30893.7594851041,26.8,4.93,,,,,,
Kazakhstan,2016,5.819,KAZ,,Kazakhstan,30758.3227260598,27.2,4.96,,,,,,
Kazakhstan,2017,5.79,KAZ,,Kazakhstan,31524.4416339794,27.5,4.9,,,,,,
Kazakhstan,2018,5.809,KAZ,,Kazakhstan,32330.2274546567,27.8,4.85,,,,,,
Kazakhstan,2019,6.05789995193481,KAZ,,Kazakhstan,33298.2123695035,28.0,4.8,,,,,,
Kazakhstan,2020,6.152,KAZ,,Kazakhstan,32011.5491499004,28.7,4.89,,,,,,
Kazakhstan,2021,6.234,KAZ,,Kazakhstan,32945.8515725823,29.2,5.568,,,,,,
Kazakhstan,2022,6.144,KAZ,,Kazakhstan,33506.2614893237,,4.86,,,,,,
Kazakhstan,2023,6.188,KAZ,,Kazakhstan,34703.2349286604,,4.835,,,,,,
Kenya,2015,4.356,KEN,,Kenya,4679.62182831938,40.8,2.762,,,,,,
Kenya,2016,4.553,KEN,,Kenya,4770.31046388086,,2.757,,,,,,
Kenya,2017,4.41,KEN,,Kenya,4846.86210851932,,3.542,,,,,,
Kenya,2018,4.509,KEN,,Kenya,5017.66784674664,,4.284,,,,,,
Kenya,2019,4.58300018310547,KEN,,Kenya,5171.71264279257,,5.014,,,,,,
Kenya,2020,4.607,KEN,,Kenya,5057.40115537429,36.2,5.613,,,,,,
Kenya,2021,4.543,KEN,,Kenya,5338.85243382781,38.7,5.693,,,,,,
Kenya,2022,4.487,KEN,,Kenya,5491.69378280246,38.5,5.565,,,,,,
Kenya,2023,4.47,KEN,,Kenya,5691.82513474417,,5.409,,,,,,
Republic of Korea,2015,5.835,KOR,,"Korea, Rep.",44849.106767089,,3.546,2.9,83.3,14.7,2.9,82.0,
Republic of Korea,2016,5.838,KOR,,"Korea, Rep.",46088.2430785383,35.2,3.65,2.9,83.3,14.7,2.9,82.0,
Republic of Korea,2017,5.875,KOR,,"Korea, Rep.",47536.7898568851,34.9,3.653,2.9,83.3,14.7,2.9,82.0,
Republic of Korea,2018,5.895,KOR,,"Korea, Rep.",48834.4471157733,33.7,3.824,2.9,83.3,14.7,2.9,82.0,
Republic of Korea,2019,5.87239980697632,KOR,,"Korea, Rep.",49790.8679884821,33.2,3.746,2.9,83.3,14.7,2.9,82.0,
Republic of Korea,2020,5.845,KOR,,"Korea, Rep.",49374.0926148025,32.7,3.931,2.9,83.3,14.7,2.9,82.0,
Republic of Korea,2021,5.935,KOR,,"Korea, Rep.",51718.2518656631,32.9,3.639,2.9,83.3,14.7,2.9,82.0,
Republic of Korea,2022,5.951,KOR,,"Korea, Rep.",53228.6035655365,,2.857,2.9,83.3,14.7,2.9,82.0,
Republic of Korea,2023,6.058,KOR,,"Korea, Rep.",54029.3434990785,,2.675,2.9,83.3,14.7,2.9,82.0,
Kosovo,2015,5.401,XKX,,Kosovo,9824.99105955319,26.5,,,,,,,
Kosovo,2016,5.279,XKX,,Kosovo,10434.8888259268,26.7,,,,,,,
Kosovo,2017,5.662,XKX,,Kosovo,10856.2902074239,44.2,,,,,,,
Kosovo,2018,6.1,XKX,,Kosovo,11188.2244627966,44.6,,,,,,,
Kosovo,2019,6.32520008087158,XKX,,Kosovo,11774.1178510908,40.2,,,,,,,
Kosovo,2020,6.372,XKX,,Kosovo,11137.5028560404,57.4,,,,,,,
Kosovo,2021,6.455,XKX,,Kosovo,12362.4210181213,49.4,,,,,,,
Kosovo,2022,6.368,XKX,,Kosovo,13022.4627441502,38.3,,,,,,,
Kosovo,2023,6.561,XKX,,Kosovo,14240.2030320365,,,,,,,,
Kuwait,2015,6.239,KWT,,Kuwait,57763.5174574395,,2.2,,,,,,
Kuwait,2016,6.105,KWT,,Kuwait,56936.620842726,,2.16,,,,,,
Kuwait,2017,6.083,KWT,,Kuwait,52285.5871175696,,2.23,,,,,,
Kuwait,2018,6.021,KWT,,Kuwait,51623.8078622052,,2.202,,,,,,
Kuwait,2019,6.10209989547729,KWT,,Kuwait,51380.6455354631,,2.213,,,,,,
Kuwait,2020,6.106,KWT,,Kuwait,49372.8187938552,,3.489,,,,,,
Kuwait,2021,6.106,KWT,,Kuwait,50651.9575337091,,2.97,,,,,,
Kuwait,2023,6.951,KWT,,Kuwait,47777.4012284844,,2.08,,,,,,
Kyrgyzstan,2015,5.185,KGZ,,Kyrgyz Republic,5600.2143342846,29.0,4.138,,,,,,
Kyrgyzstan,2016,5.004,KGZ,,Kyrgyz Republic,5715.01041179003,26.8,4.294,,,,,,
Kyrgyzstan,2017,5.131,KGZ,,Kyrgyz Republic,5861.22200040503,27.3,4.425,,,,,,
Kyrgyzstan,2018,5.261,KGZ,,Kyrgyz Republic,5951.82876758606,27.7,4.559,,,,,,
Kyrgyzstan,2019,5.54150009155273,KGZ,,Kyrgyz Republic,6087.60193826927,29.7,5.45,,,,,,
Kyrgyzstan,2020,5.744,KGZ,,Kyrgyz Republic,5537.79547319377,29.0,5.945,,,,,,
Kyrgyzstan,2021,5.828,KGZ,,Kyrgyz Republic,5736.47883415154,28.8,5.149,,,,,,
Kyrgyzstan,2022,5.825,KGZ,,Kyrgyz Republic,6139.77788825006,26.4,4.767,,,,,,
Kyrgyzstan,2023,5.714,KGZ,,Kyrgyz Republic,6575.77541290499,27.2,3.498,,,,,,
Lao PDR,2015,4.876,LAO,,Lao PDR,6703.74124348885,,2.006,,,,,,
Lao PDR,2017,4.623,LAO,,Lao PDR,7432.4596330485,,3.268,,,,,,
Lao PDR,2018,4.796,LAO,,Lao PDR,7775.08574451883,38.8,2.897,,,,,,
Lao PDR,2019,4.88859987258911,LAO,,Lao PDR,8075.27502377003,,2.531,,,,,,
Lao PDR,2020,5.03,LAO,,Lao PDR,7995.59502527818,,2.349,,,,,,
Lao PDR,2021,5.14,LAO,,Lao PDR,8080.43553249923,,2.08,,,,,,
Lao PDR,2022,5.111,LAO,,Lao PDR,8183.03286472653,,1.209,,,,,,
Lao PDR,2023,5.139,LAO,,Lao PDR,8372.15591874407,,1.186,,,,,,
Latvia,2015,5.56,LVA,0.052,Latvia,30599.6133134147,34.2,9.873,2.2,75.5,20.8,6.3,72.0,1.6
Latvia,2016,5.85,LVA,0.051,Latvia,31668.5148442662,34.3,9.643,2.2,75.5,20.8,6.3,72.0,1.6
Latvia,2017,5.933,LVA,0.055,Latvia,33036.3915943437,35.6,8.715,2.2,75.5,20.8,6.3,72.0,1.6
Latvia,2018,5.94,LVA,0.06,Latvia,34729.7062763057,35.1,7.412,2.2,75.5,20.8,6.3,72.0,1.6
Latvia,2019,5.94999980926514,LVA,0.328,Latvia,35208.1934590859,34.5,6.312,2.2,75.5,20.8,6.3,72.0,1.6
Latvia,2020,6.032,LVA,0.339,Latvia,34225.8976044058,35.7,8.098,2.2,75.5,20.8,6.3,72.0,1.6
Latvia,2021,6.18,LVA,0.334,Latvia,36912.0130602161,34.3,7.513,2.2,75.5,20.8,6.3,72.0,1.6
Latvia,2022,6.213,LVA,,Latvia,37718.7097958367,33.7,6.815,2.2,75.5,20.8,6.3,72.0,1.6
Latvia,2023,6.234,LVA,,Latvia,37277.7217221317,34.0,6.465,2.2,75.5,20.8,6.3,72.0,1.6
Lebanon,2015,5.129,LBN,,Lebanon,14980.020515614,,9.312,,,,,,
Lebanon,2016,5.225,LBN,,Lebanon,15572.3611739774,,9.794,,,,,,
Lebanon,2017,5.199,LBN,,Lebanon,16128.5838196051,,10.258,,,,,,
Lebanon,2018,5.197,LBN,,Lebanon,16290.0516478592,,10.755,,,,,,
Lebanon,2019,4.77150011062622,LBN,,Lebanon,15659.5661040012,,11.301,,,,,,
Lebanon,2020,4.584,LBN,,Lebanon,12507.4366368078,,13.252,,,,,,
Lebanon,2021,2.955,LBN,,Lebanon,11599.7755083765,,12.715,,,,,,
Lebanon,2022,2.392,LBN,,Lebanon,11474.7505845558,35.5,11.105,,,,,,
Lebanon,2023,2.707,LBN,,Lebanon,11330.2687387422,,10.985,,,,,,
Lesotho,2016,3.808,LSO,,Lesotho,3057.26091568162,,16.138,,,,,,
Lesotho,2017,3.808,LSO,,Lesotho,2924.68096193272,44.9,16.379,,,,,,
Lesotho,2018,3.802,LSO,,Lesotho,2846.41828124649,,16.614,,,,,,
Lesotho,2019,3.6528000831604,LSO,,Lesotho,2773.28639887236,,16.876,,,,,,
Lesotho,2020,3.512,LSO,,Lesotho,2517.11044486593,,18.385,,,,,,
Lesotho,2021,3.512,LSO,,Lesotho,2544.78249551214,,18.214,,,,,,
Lesotho,2023,3.186,LSO,,Lesotho,2595.82951058542,,16.348,,,,,,
Liberia,2015,3.622,LBR,,Liberia,1714.09047960464,,2.557,,,,,,
Liberia,2016,3.533,LBR,,Liberia,1653.31050211233,35.3,3.081,,,,,,
Liberia,2017,3.495,LBR,,Liberia,1661.30290782171,,3.067,,,,,,
Liberia,2018,3.975,LBR,,Liberia,1647.97443793846,,3.058,,,,,,
Liberia,2019,4.55789995193481,LBR,,Liberia,1575.76665001238,,3.071,,,,,,
Liberia,2020,4.625,LBR,,Liberia,1497.37692436272,,4.102,,,,,,
Liberia,2021,5.122,LBR,,Liberia,1539.20892304674,,3.844,,,,,,
Liberia,2022,4.042,LBR,,Liberia,1578.99837069175,,2.956,,,,,,
Liberia,2023,4.269,LBR,,Liberia,1616.92373356695,,2.905,,,,,,
Libya,2015,5.615,LBY,,Libya,12195.3486990421,,19.69,,,,,,
Libya,2016,5.525,LBY,,Libya,11831.8257669559,,19.559,,,,,,
Libya,2017,5.566,LBY,,Libya,15428.1164411854,,19.053,,,,,,
Libya,2018,5.525,LBY,,Libya,16385.164476127,,18.865,,,,,,
Libya,2019,5.48880004882813,LBY,,Libya,14337.1962987582,,19.087,,,,,,
Libya,2020,5.41,LBY,,Libya,9978.66400110743,,19.651,,,,,,
Libya,2021,5.33,LBY,,Libya,12641.5097714075,,19.779,,,,,,
Libya,2023,5.866,LBY,,Libya,12476.5974944083,,18.713,,,,,,
Lithuania,2015,5.813,LTU,0.164,Lithuania,35251.2986931775,37.4,9.12,2.4,76.4,18.4,,62.0,1.0
Lithuania,2016,5.902,LTU,0.182,Lithuania,36618.1468417838,38.4,7.862,2.4,76.4,18.4,,62.0,1.0
Lithuania,2017,5.952,LTU,0.219,Lithuania,38774.4892011822,37.3,7.073,2.4,76.4,18.4,,62.0,1.0
Lithuania,2018,6.149,LTU,0.249,Lithuania,41019.7901632878,35.7,6.147,2.4,76.4,18.4,,62.0,1.0
Lithuania,2019,6.21549987792969,LTU,0.304,Lithuania,43062.3228425315,35.3,6.255,2.4,76.4,18.4,,62.0,1.0
Lithuania,2020,6.255,LTU,0.258,Lithuania,43091.7973723526,36.0,8.487,2.4,76.4,18.4,,62.0,1.0
Lithuania,2021,6.446,LTU,0.373,Lithuania,45873.5273239486,36.7,7.112,2.4,76.4,18.4,,62.0,1.0
Lithuania,2022,6.763,LTU,,Lithuania,46651.2145810247,36.6,5.955,2.4,76.4,18.4,,62.0,1.0
Lithuania,2023,6.818,LTU,,Lithuania,46159.7081733083,36.0,6.841,2.4,76.4,18.4,,62.0,1.0
Luxembourg,2015,6.871,LUX,0.218,Luxembourg,130097.2561798,32.9,6.796,1.7,82.7,20.7,2.2,87.0,2.8
Luxembourg,2016,6.863,LUX,0.223,Luxembourg,133661.649729132,31.7,6.669,1.7,82.7,20.7,2.2,87.0,2.8
Luxembourg,2017,6.91,LUX,0.208,Luxembourg,132169.834045368,34.5,5.523,1.7,82.7,20.7,2.2,87.0,2.8
Luxembourg,2018,7.09,LUX,0.218,Luxembourg,131733.8846493,35.4,5.589,1.7,82.7,20.7,2.2,87.0,2.8
Luxembourg,2019,7.23750019073486,LUX,0.228,Luxembourg,132724.752743888,34.2,5.592,1.7,82.7,20.7,2.2,87.0,2.8
Luxembourg,2020,7.324,LUX,0.226,Luxembourg,129865.629988164,33.4,6.766,1.7,82.7,20.7,2.2,87.0,2.8
Luxembourg,2021,7.404,LUX,0.223,Luxembourg,136772.443753292,32.7,5.571,1.7,82.7,20.7,2.2,87.0,2.8
Luxembourg,2022,7.228,LUX,,Luxembourg,132570.826463419,34.1,4.588,1.7,82.7,20.7,2.2,87.0,2.8
Luxembourg,2023,7.122,LUX,,Luxembourg,130048.92038753,33.6,5.184,1.7,82.7,20.7,2.2,87.0,2.8
Madagascar,2015,3.695,MDG,,Madagascar,1627.5806134224,,1.785,,,,,,
Madagascar,2016,3.644,MDG,,Madagascar,1648.91226979296,,1.949,,,,,,
Madagascar,2017,3.774,MDG,,Madagascar,1669.72764267278,,2.123,,,,,,
Madagascar,2018,3.933,MDG,,Madagascar,1678.78623269491,,2.303,,,,,,
Madagascar,2019,4.16559982299805,MDG,,Madagascar,1707.83153830039,,2.479,,,,,,
Madagascar,2020,4.208,MDG,,Madagascar,1545.72714379204,,3.292,,,,,,
Madagascar,2021,4.339,MDG,,Madagascar,1577.43246056529,36.8,3.498,,,,,,
Madagascar,2022,4.019,MDG,,Madagascar,1602.71368352337,,3.186,,,,,,
Madagascar,2023,4.228,MDG,,Madagascar,1629.46097248642,,3.044,,,,,,
Malawi,2015,4.156,MWI,,Malawi,1597.69145324855,,4.953,,,,,,
Malawi,2016,3.97,MWI,,Malawi,1593.59549264808,44.7,5.011,,,,,,
Malawi,2017,3.587,MWI,,Malawi,1613.0593571462,,5.046,,,,,,
Malawi,2018,3.41,MWI,,Malawi,1638.91665761076,,5.021,,,,,,
Malawi,2019,3.53800010681152,MWI,,Malawi,1687.28944917892,38.5,4.964,,,,,,
Malawi,2020,3.6,MWI,,Malawi,1656.43985192533,,5.72,,,,,,
Malawi,2021,3.75,MWI,,Malawi,1687.59358179651,,5.652,,,,,,
Malawi,2022,3.495,MWI,,Malawi,1659.95933825168,,5.02,,,,,,
Malawi,2023,3.421,MWI,,Malawi,1649.29873234551,,5.009,,,,,,
Malaysia,2015,6.005,MYS,,Malaysia,27699.6278860387,41.1,3.1,,,,,,
Malaysia,2016,6.084,MYS,,Malaysia,28425.3707609412,,3.44,,,,,,
Malaysia,2017,6.322,MYS,,Malaysia,29551.5457597197,,3.41,,,,,,
Malaysia,2018,5.339,MYS,,Malaysia,30459.9655338061,41.2,3.3,,,,,,
Malaysia,2019,5.38430023193359,MYS,,Malaysia,31300.5086554849,,3.33,,,,,,
Malaysia,2020,5.384,MYS,,Malaysia,29200.452632127,,4.54,,,,,,
Malaysia,2021,5.711,MYS,,Malaysia,29822.8491831618,40.7,4.64,,,,,,
Malaysia,2022,6.012,MYS,,Malaysia,32129.2217820113,,3.93,,,,,,
Malaysia,2023,5.975,MYS,,Malaysia,32857.6676600774,,3.858,,,,,,
Maldives,2019,5.1975998878479,MDV,,Maldives,21855.501224579,29.3,4.562,,,,,,
Maldives,2020,5.198,MDV,,Maldives,14242.9750701162,,5.42,,,,,,
Mali,2015,4.073,MLI,,Mali,2686.56065074588,,1.404,,,,,,
Mali,2016,4.19,MLI,,Mali,2759.11051294151,,1.367,,,,,,
Mali,2017,4.447,MLI,,Mali,2816.194239022,,1.498,,,,,,
Mali,2018,4.39,MLI,,Mali,2862.40728989634,36.0,1.62,,,,,,
Mali,2019,4.72930002212524,MLI,,Mali,2916.17167790759,,3.29,,,,,,
Mali,2020,4.723,MLI,,Mali,2796.41038444894,,3.528,,,,,,
Mali,2021,4.479,MLI,,Mali,2796.22793795433,35.7,4.006,,,,,,
Mali,2022,4.198,MLI,,Mali,2813.81095962843,,2.387,,,,,,
Mali,2023,4.232,MLI,,Mali,2860.42819002278,,2.947,,,,,,
Malta,2015,6.488,MLT,,Malta,46170.1721772127,29.4,5.389,,,,,,
Malta,2016,6.527,MLT,,Malta,46965.601581458,29.1,4.694,,,,,,
Malta,2017,6.627,MLT,,Malta,51626.3473049783,29.2,4.008,,,,,,
Malta,2018,6.726,MLT,,Malta,53417.0154946227,28.7,3.956,,,,,,
Malta,2019,6.77279996871948,MLT,,Malta,53391.4373856091,31.0,4.08,,,,,,
Malta,2020,6.602,MLT,,Malta,50387.8220368582,31.4,4.856,,,,,,
Malta,2021,6.447,MLT,,Malta,56852.3218512267,31.6,3.754,,,,,,
Malta,2022,6.3,MLT,,Malta,56841.958125813,34.6,3.471,,,,,,
Malta,2023,6.346,MLT,,Malta,60418.3949311068,31.8,3.479,,,,,,
Mauritania,2015,4.201,MRT,,Mauritania,5969.54239339806,,10.104,,,,,,
Mauritania,2016,4.292,MRT,,Mauritania,5866.28144759405,,10.287,,,,,,
Mauritania,2017,4.356,MRT,,Mauritania,6050.62180273825,,10.336,,,,,,
Mauritania,2018,4.49,MRT,,Mauritania,6153.63790295218,,10.411,,,,,,
Mauritania,2019,4.37459993362427,MRT,,Mauritania,6162.21044512087,32.0,10.416,,,,,,
Mauritania,2020,4.227,MRT,,Mauritania,5963.23549793488,,11.051,,,,,,
Mauritania,2021,4.153,MRT,,Mauritania,5836.56580821897,,11.131,,,,,,
Mauritania,2022,4.724,MRT,,Mauritania,6053.26178155509,,10.52,,,,,,
Mauritania,2023,4.505,MRT,,Mauritania,6276.47521079359,,10.37,,,,,,
Mauritius,2015,5.648,MUS,,Mauritius,22603.0885218714,,7.41,,,,,,
Mauritius,2016,5.629,MUS,,Mauritius,23460.0011516323,,6.814,,,,,,
Mauritius,2017,5.891,MUS,,Mauritius,24361.8758542058,36.8,6.752,,,,,,
Mauritius,2018,5.888,MUS,,Mauritius,25324.1785958124,,6.426,,,,,,
Mauritius,2019,6.10129976272583,MUS,,Mauritius,26047.9753573284,,6.331,,,,,,
Mauritius,2020,6.049,MUS,,Mauritius,22258.3868106268,,8.626,,,,,,
Mauritius,2021,6.071,MUS,,Mauritius,23010.2013826905,,7.719,,,,,,
Mauritius,2022,5.902,MUS,,Mauritius,25085.9891959451,,6.322,,,,,,
Mauritius,2023,5.816,MUS,,Mauritius,26635.0124048697,,5.571,,,,,,
Mexico,2015,6.778,MEX,0.373,Mexico,21408.9283201493,,4.311,3.2,75.1,17.8,4.0,42.0,27.0
Mexico,2016,6.578,MEX,0.396,Mexico,21578.2633554092,46.9,3.853,3.2,75.1,17.8,4.0,42.0,27.0
Mexico,2017,6.488,MEX,0.408,Mexico,21777.5225111982,,3.419,3.2,75.1,17.8,4.0,42.0,27.0
Mexico,2018,6.595,MEX,0.422,Mexico,21997.7730167472,46.0,3.275,3.2,75.1,17.8,4.0,42.0,27.0
Mexico,2019,6.46500015258789,MEX,0.453,Mexico,21704.1859494071,,3.477,3.2,75.1,17.8,4.0,42.0,27.0
Mexico,2020,6.317,MEX,0.505,Mexico,19728.4817823158,44.6,4.44,3.2,75.1,17.8,4.0,42.0,27.0
Mexico,2021,6.128,MEX,0.495,Mexico,20782.5877417545,,4.019,3.2,75.1,17.8,4.0,42.0,27.0
Mexico,2022,6.33,MEX,0.515,Mexico,21391.8573692427,43.5,3.256,3.2,75.1,17.8,4.0,42.0,27.0
Mexico,2023,6.678,MEX,,Mexico,21917.24858366,,2.765,3.2,75.1,17.8,4.0,42.0,27.0
Republic of Moldova,2015,5.897,MDA,,Moldova,11691.0797484184,27.0,1.781,,,,,,
Republic of Moldova,2016,5.838,MDA,,Moldova,12377.366678394,26.3,1.591,,,,,,
Republic of Moldova,2017,5.64,MDA,,Moldova,13118.8219369605,25.9,1.622,,,,,,
Republic of Moldova,2018,5.529,MDA,,Moldova,13895.5043655692,25.7,1.239,,,,,,
Republic of Moldova,2019,5.60750007629395,MDA,,Moldova,14621.2401362286,26.0,1.502,,,,,,
Republic of Moldova,2020,5.766,MDA,,Moldova,13559.2600217483,25.0,1.206,,,,,,
Republic of Moldova,2021,5.857,MDA,,Moldova,15682.0703284653,25.7,0.794,,,,,,
Republic of Moldova,2022,5.819,MDA,,Moldova,15358.0153548867,25.9,0.909,,,,,,
Republic of Moldova,2023,5.816,MDA,,Moldova,15990.4793311152,26.8,1.57,,,,,,
Mongolia,2015,4.907,MNG,,Mongolia,13974.5967260365,,4.861,,,,,,
Mongolia,2016,4.955,MNG,,Mongolia,13898.1456953585,32.3,7.235,,,,,,
Mongolia,2017,5.125,MNG,,Mongolia,14401.5375067562,,6.359,,,,,,
Mongolia,2018,5.285,MNG,,Mongolia,15230.2408828847,32.7,5.377,,,,,,
Mongolia,2019,5.45620012283325,MNG,,Mongolia,15790.6961126441,,9.024,,,,,,
Mongolia,2020,5.677,MNG,,Mongolia,14801.3420829185,,6.413,,,,,,
Mongolia,2021,5.761,MNG,,Mongolia,14792.2509086422,,7.871,,,,,,
Mongolia,2022,5.84,MNG,,Mongolia,15310.4349469163,31.4,5.954,,,,,,
Mongolia,2023,5.696,MNG,,Mongolia,16222.8638898529,,5.178,,,,,,
Montenegro,2015,5.161,MNE,,Montenegro,21131.9286652777,39.0,17.555,,,,,,
Montenegro,2016,5.237,MNE,,Montenegro,21834.1824200766,38.5,17.732,,,,,,
Montenegro,2017,5.347,MNE,,Montenegro,22513.8741282681,36.9,16.082,,,,,,
Montenegro,2018,5.523,MNE,,Montenegro,23562.2739681383,36.8,15.19,,,,,,
Montenegro,2019,5.54610013961792,MNE,,Montenegro,24585.2179072849,35.7,15.128,,,,,,
Montenegro,2020,5.581,MNE,,Montenegro,20904.6866227364,35.4,17.878,,,,,,
Montenegro,2021,5.547,MNE,,Montenegro,23690.0773513056,34.3,16.543,,,,,,
Montenegro,2022,5.722,MNE,,Montenegro,25583.4216629604,,14.851,,,,,,
Montenegro,2023,5.707,MNE,,Montenegro,27243.51720726,,13.146,,,,,,
Morocco,2015,5.151,MAR,,Morocco,8198.80859375,,9.46,,,,,,
Morocco,2016,5.235,MAR,,Morocco,8141.9404296875,,9.3,,,,,,
Morocco,2017,5.254,MAR,,Morocco,8450.0087890625,,9.22,,,,,,
Morocco,2018,5.208,MAR,,Morocco,8611.75,,9.272,,,,,,
Morocco,2019,5.09479999542236,MAR,,Morocco,8768.17578125,,9.191,,,,,,
Morocco,2020,4.918,MAR,,Morocco,8054.56298828125,,11.189,,,,,,
Morocco,2021,5.06,MAR,,Morocco,8623.265625,,10.551,,,,,,
Morocco,2022,4.903,MAR,,Morocco,8690.4482421875,,9.413,,,,,,
Morocco,2023,4.795,MAR,,Morocco,8915.3515625,,8.896,,,,,,
Mozambique,2016,4.55,MOZ,,Mozambique,1537.90853271216,,3.65,,,,,,
Mozambique,2017,4.417,MOZ,,Mozambique,1532.0073576114,,3.935,,,,,,
Mozambique,2018,4.466,MOZ,,Mozambique,1538.83512127022,,4.21,,,,,,
Mozambique,2019,4.62360000610352,MOZ,,Mozambique,1528.88988354373,50.7,4.462,,,,,,
Mozambique,2020,4.794,MOZ,,Mozambique,1466.12476474476,,5.019,,,,,,
Mozambique,2021,5.048,MOZ,,Mozambique,1457.23540930922,,5.413,,,,,,
Mozambique,2022,4.954,MOZ,,Mozambique,1476.66560298097,49.6,6.789,,,,,,
Mozambique,2023,5.216,MOZ,,Mozambique,1512.27640791481,,6.661,,,,,,
Myanmar,2015,4.395,MMR,,Myanmar,5313.88615901476,38.1,0.766,,,,,,
Myanmar,2016,4.545,MMR,,Myanmar,5580.98977273232,,1.058,,,,,,
Myanmar,2017,4.308,MMR,,Myanmar,5877.87465558175,30.7,1.356,,,,,,
Myanmar,2018,4.36,MMR,,Myanmar,6201.26341429803,,0.767,,,,,,
Myanmar,2019,4.30800008773804,MMR,,Myanmar,6562.98898478625,,0.407,,,,,,
Myanmar,2020,4.426,MMR,,Myanmar,5926.83450206681,,1.476,,,,,,
Myanmar,2021,4.394,MMR,,Myanmar,5178.44718217164,,4.34,,,,,,
Myanmar,2022,4.372,MMR,,Myanmar,5350.47666899931,,3.063,,,,,,
Myanmar,2023,4.354,MMR,,Myanmar,5364.13797034429,,2.977,,,,,,
Namibia,2015,4.574,NAM,,Namibia,12166.5658392058,59.1,20.791,,,,,,
Namibia,2016,4.574,NAM,,Namibia,11846.7880832757,,23.352,,,,,,
Namibia,2017,4.441,NAM,,Namibia,11408.7253099967,,21.748,,,,,,
Namibia,2018,4.639,NAM,,Namibia,11214.38604306,,19.877,,,,,,
Namibia,2019,4.57110023498535,NAM,,Namibia,10813.3044681944,,19.929,,,,,,
Namibia,2020,4.574,NAM,,Namibia,9652.24827219463,,21.003,,,,,,
Namibia,2021,4.459,NAM,,Namibia,9709.09930646771,,20.931,,,,,,
Namibia,2022,4.631,NAM,,Namibia,9953.09752403491,,19.615,,,,,,
Namibia,2023,4.832,NAM,,Namibia,10137.6726120025,,19.154,,,,,,
Nepal,2015,4.793,NPL,,Nepal,3745.26182249477,,10.643,,,,,,
Nepal,2016,4.962,NPL,,Nepal,3743.7445783578,,10.714,,,,,,
Nepal,2017,4.88,NPL,,Nepal,4071.70431755798,,10.66,,,,,,
Nepal,2018,4.913,NPL,,Nepal,4371.38571771897,,10.593,,,,,,
Nepal,2019,5.13719987869263,NPL,,Nepal,4607.52454717112,,10.477,,,,,,
Nepal,2020,5.269,NPL,,Nepal,4412.5420439395,,13.037,,,,,,
Nepal,2021,5.377,NPL,,Nepal,4546.22970006289,,12.241,,,,,,
Nepal,2022,5.36,NPL,,Nepal,4763.38751073946,30.0,10.661,,,,,,
Nepal,2023,5.158,NPL,,Nepal,4861.23030387639,,10.437,,,,,,
Netherlands,2015,7.339,NLD,,Netherlands,63081.3941350677,28.2,6.872,2.6,82.2,19.6,2.5,83.0,0.3
Netherlands,2016,7.377,NLD,,Netherlands,64267.736357935,28.2,6.007,2.6,82.2,19.6,2.5,83.0,0.3
Netherlands,2017,7.441,NLD,,Netherlands,65666.0036593237,28.5,4.837,2.6,82.2,19.6,2.5,83.0,0.3
Netherlands,2018,7.488,NLD,,Netherlands,66758.2640145753,28.1,3.832,2.6,82.2,19.6,2.5,83.0,0.3
Netherlands,2019,7.44890022277832,NLD,,Netherlands,67847.8542926795,29.2,3.379,2.6,82.2,19.6,2.5,83.0,0.3
Netherlands,2020,7.464,NLD,5.115,Netherlands,64862.1922496366,26.0,3.82,2.6,82.2,19.6,2.5,83.0,0.3
Netherlands,2021,7.415,NLD,4.916,Netherlands,68573.5648786446,25.7,4.209,2.6,82.2,19.6,2.5,83.0,0.3
Netherlands,2022,7.403,NLD,,Netherlands,71324.0360349277,,3.526,2.6,82.2,19.6,2.5,83.0,0.3
Netherlands,2023,7.319,NLD,,Netherlands,70198.9297909022,,3.535,2.6,82.2,19.6,2.5,83.0,0.3
New Zealand,2015,7.334,NZL,,New Zealand,44963.8339159182,,5.415,2.5,82.1,25.0,4.5,66.0,14.0
New Zealand,2016,7.314,NZL,,New Zealand,45626.6818435018,,5.147,2.5,82.1,25.0,4.5,66.0,14.0
New Zealand,2017,7.324,NZL,,New Zealand,46193.2884771696,,4.736,2.5,82.1,25.0,4.5,66.0,14.0
New Zealand,2018,7.307,NZL,,New Zealand,46947.937247914,,4.335,2.5,82.1,25.0,4.5,66.0,14.0
New Zealand,2019,7.29960012435913,NZL,,New Zealand,47362.3199332352,,4.109,2.5,82.1,25.0,4.5,66.0,14.0
New Zealand,2020,7.277,NZL,,New Zealand,46266.3954728951,,4.595,2.5,82.1,25.0,4.5,66.0,14.0
New Zealand,2021,7.2,NZL,0.797,New Zealand,48248.7176729892,,3.776,2.5,82.1,25.0,4.5,66.0,14.0
New Zealand,2022,7.123,NZL,0.824,New Zealand,49964.1765523158,,3.299,2.5,82.1,25.0,4.5,66.0,14.0
New Zealand,2023,7.029,NZL,,New Zealand,49508.2697230172,,3.734,2.5,82.1,25.0,4.5,66.0,14.0
Nicaragua,2015,5.992,NIC,,Nicaragua,6939.03286207731,,4.7,,,,,,
Nicaragua,2016,6.071,NIC,,Nicaragua,7158.75799760378,,3.9,,,,,,
Nicaragua,2017,6.141,NIC,,Nicaragua,7391.19683946294,,3.3,,,,,,
Nicaragua,2018,6.105,NIC,,Nicaragua,7049.02753442352,,5.2,,,,,,
Nicaragua,2019,6.13710021972656,NIC,,Nicaragua,6756.59375829081,,5.457,,,,,,
Nicaragua,2020,5.972,NIC,,Nicaragua,6523.3698502278,,6.18,,,,,,
Nicaragua,2021,6.165,NIC,,Nicaragua,7119.16923360042,,6.076,,,,,,
Nicaragua,2022,6.259,NIC,,Nicaragua,7277.82264804562,,4.969,,,,,,
Nicaragua,2023,6.284,NIC,,Nicaragua,7496.5292687685,,4.698,,,,,,
Niger,2015,3.856,NER,,Niger,1471.66135329224,,0.556,,,,,,
Niger,2016,4.028,NER,,Niger,1500.00858681288,,0.55,,,,,,
Niger,2017,4.166,NER,,Niger,1520.0015371232,,0.556,,,,,,
Niger,2018,4.628,NER,,Niger,1574.33838262666,37.3,0.536,,,,,,
Niger,2019,4.90959978103638,NER,,Niger,1612.63734693259,,0.531,,,,,,
Niger,2020,5.074,NER,,Niger,1615.69272448944,,0.591,,,,,,
Niger,2021,5.003,NER,,Niger,1585.59922021188,32.9,0.806,,,,,,
Niger,2022,4.501,NER,,Niger,1717.51891457684,,0.403,,,,,,
Niger,2023,4.556,NER,,Niger,1689.56425367067,,0.407,,,,,,
Nigeria,2015,4.875,NGA,,Nigeria,8892.05798706748,35.9,4.134,,,,,,
Nigeria,2016,5.074,NGA,,Nigeria,8534.69281513898,,4.499,,,,,,
Nigeria,2017,5.155,NGA,,Nigeria,8396.78452274331,,4.83,,,,,,
Nigeria,2018,5.265,NGA,,Nigeria,8362.62330891339,35.1,5.069,,,,,,
Nigeria,2019,4.72410011291504,NGA,,Nigeria,8361.78664857198,,5.206,,,,,,
Nigeria,2020,4.759,NGA,,Nigeria,7664.21099591193,,5.714,,,,,,
Nigeria,2021,4.552,NGA,,Nigeria,7588.47885596359,,5.404,,,,,,
Nigeria,2022,4.981,NGA,,Nigeria,7752.26206532009,33.9,3.827,,,,,,
Nigeria,2023,4.881,NGA,,Nigeria,7843.83461990405,,3.074,,,,,,
North Macedonia,2015,5.121,MKD,,North Macedonia,19215.1537229479,35.6,26.395,,,,,,
North Macedonia,2016,5.175,MKD,,North Macedonia,19825.8546858981,34.5,24.312,,,,,,
North Macedonia,2017,5.185,MKD,,North Macedonia,20121.1344599839,34.2,22.857,,,,,,
North Macedonia,2018,5.274,MKD,,North Macedonia,20806.0084013242,33.0,21.208,,,,,,
North Macedonia,2019,5.15980005264282,MKD,,North Macedonia,21766.974473423,33.5,17.414,,,,,,
North Macedonia,2020,5.101,MKD,,North Macedonia,20971.5290718387,,16.575,,,,,,
North Macedonia,2021,5.199,MKD,,North Macedonia,22144.2842571431,,15.801,,,,,,
North Macedonia,2022,5.254,MKD,,North Macedonia,22822.3280431288,,14.476,,,,,,
North Macedonia,2023,5.369,MKD,,North Macedonia,23455.319400522,,13.174,,,,,,
Norway,2015,7.498,NOR,,Norway,85550.2942614495,27.5,4.296,2.2,83.0,17.7,2.8,93.0,1.4
Norway,2016,7.537,NOR,,Norway,85787.6174410424,28.5,4.68,2.2,83.0,17.7,2.8,93.0,1.4
Norway,2017,7.594,NOR,,Norway,87194.1115421374,27.0,4.164,2.2,83.0,17.7,2.8,93.0,1.4
Norway,2018,7.554,NOR,,Norway,87338.4708008985,27.6,3.801,2.2,83.0,17.7,2.8,93.0,1.4
Norway,2019,7.48799991607666,NOR,,Norway,87725.7283254613,27.7,3.684,2.2,83.0,17.7,2.8,93.0,1.4
Norway,2020,7.392,NOR,1.369,Norway,86096.0508947506,28.4,4.424,2.2,83.0,17.7,2.8,93.0,1.4
Norway,2021,7.365,NOR,1.164,Norway,88984.1386736515,29.1,4.359,2.2,83.0,17.7,2.8,93.0,1.4
Norway,2022,7.315,NOR,,Norway,91051.0831968407,26.9,3.231,2.2,83.0,17.7,2.8,93.0,1.4
Norway,2023,7.302,NOR,,Norway,90085.4382059786,26.5,3.574,2.2,83.0,17.7,2.8,93.0,1.4
Pakistan,2015,5.132,PAK,,Pakistan,4645.28631071145,31.3,3.566,,,,,,
Pakistan,2016,5.269,PAK,,Pakistan,4886.61212115378,,2.285,,,,,,
Pakistan,2017,5.472,PAK,,Pakistan,5031.56060738433,,3.204,,,,,,
Pakistan,2018,5.653,PAK,,Pakistan,5255.06350681272,29.6,4.083,,,,,,
Pakistan,2019,5.69329977035522,PAK,,Pakistan,5295.95295138203,,4.83,,,,,,
Pakistan,2020,4.934,PAK,,Pakistan,5135.01459288839,,5.994,,,,,,
Pakistan,2021,4.516,PAK,,Pakistan,5367.27364714762,,6.338,,,,,,
Pakistan,2022,4.555,PAK,,Pakistan,5526.27928310213,,5.291,,,,,,
Pakistan,2023,4.657,PAK,,Pakistan,5418.7693189297,,5.237,,,,,,
Panama,2015,6.701,PAN,,Panama,29933.1555965973,50.8,4.335,,,,,,
Panama,2016,6.452,PAN,,Panama,30765.2371534884,50.4,4.717,,,,,,
Panama,2017,6.43,PAN,,Panama,31979.8122635605,49.9,5.338,,,,,,
Panama,2018,6.321,PAN,,Panama,32681.4463581168,49.2,5.161,,,,,,
Panama,2019,6.30480003356934,PAN,,Panama,33163.726919217,49.8,6.256,,,,,,
Panama,2020,6.18,PAN,,Panama,26881.7987214437,,14.663,,,,,,
Panama,2021,6.309,PAN,,Panama,30932.7627809145,50.9,10.177,,,,,,
Panama,2022,6.265,PAN,,Panama,33915.1526066674,,8.086,,,,,,
Panama,2023,6.358,PAN,,Panama,35872.9506479276,48.9,6.544,,,,,,
Paraguay,2015,5.538,PRY,,Paraguay,14427.6002349811,47.6,4.556,,,,,,
Paraguay,2016,5.493,PRY,,Paraguay,14826.6636909978,47.9,5.255,,,,,,
Paraguay,2017,5.681,PRY,,Paraguay,15320.3366476954,48.5,6.138,,,,,,
Paraguay,2018,5.743,PRY,,Paraguay,15592.9841390322,46.0,6.217,,,,,,
Paraguay,2019,5.69210004806519,PRY,,Paraguay,15321.3245528947,45.7,6.595,,,,,,
Paraguay,2020,5.653,PRY,,Paraguay,14991.6606201148,43.5,7.548,,,,,,
Paraguay,2021,5.578,PRY,,Paraguay,15406.1670646576,42.9,7.311,,,,,,
Paraguay,2022,5.738,PRY,,Paraguay,15259.1456311862,44.6,6.755,,,,,,
Paraguay,2023,5.977,PRY,,Paraguay,15826.087501295,44.2,5.794,,,,,,
Peru,2015,5.743,PER,,Peru,14542.7930911313,43.4,3.272,,,,,,
Peru,2016,5.715,PER,,Peru,14917.4489473588,43.6,3.741,,,,,,
Peru,2017,5.663,PER,,Peru,15069.5221084659,43.3,3.691,,,,,,
Peru,2018,5.697,PER,,Peru,15386.2601642505,42.4,3.492,,,,,,
Peru,2019,5.79680013656616,PER,,Peru,15463.5432397882,41.5,3.379,,,,,,
Peru,2020,5.84,PER,,Peru,13609.5999609595,43.7,7.179,,,,,,
Peru,2021,5.559,PER,,Peru,15280.5512106486,40.1,5.097,,,,,,
Peru,2022,5.526,PER,0.534,Peru,15559.821643644,40.3,4.291,,,,,,
Peru,2023,5.841,PER,,Peru,15327.5819994558,40.7,4.899,,,,,,
Philippines,2015,5.279,PHL,,Philippines,7691.76308685047,44.6,3.068,,,,,,
Philippines,2016,5.43,PHL,,Philippines,8131.82537948653,,2.695,,,,,,
Philippines,2017,5.524,PHL,,Philippines,8584.13622709699,,2.552,,,,,,
Philippines,2018,5.631,PHL,,Philippines,9016.28659637608,42.3,2.338,,,,,,
Philippines,2019,6.00600004196167,PHL,,Philippines,9452.2939715981,,2.237,,,,,,
Philippines,2020,5.88,PHL,,Philippines,8455.18457134106,,2.522,,,,,,
Philippines,2021,5.904,PHL,,Philippines,8857.78995115514,40.7,3.398,,,,,,
Philippines,2022,5.523,PHL,,Philippines,9457.10395402883,,2.598,,,,,,
Philippines,2023,6.048,PHL,,Philippines,9898.53294588746,39.3,2.2,,,,,,
Poland,2015,5.835,POL,,Poland,31700.3682364154,31.8,7.475,2.6,78.0,21.2,5.0,71.0,4.2
Poland,2016,5.973,POL,,Poland,32675.3052259954,31.2,6.141,2.6,78.0,21.2,5.0,71.0,4.2
Poland,2017,6.123,POL,,Poland,34354.5987616319,29.7,4.867,2.6,78.0,21.2,5.0,71.0,4.2
Poland,2018,6.182,POL,,Poland,36500.4114282584,30.2,3.835,2.6,78.0,21.2,5.0,71.0,4.2
Poland,2019,6.1862998008728,POL,,Poland,38181.6230334689,28.8,3.267,2.6,78.0,21.2,5.0,71.0,4.2
Poland,2020,6.166,POL,0.793,Poland,37852.8021313639,28.5,3.155,2.6,78.0,21.2,5.0,71.0,4.2
Poland,2021,6.123,POL,0.783,Poland,41059.5847829682,28.5,3.268,2.6,78.0,21.2,5.0,71.0,4.2
Poland,2022,6.26,POL,,Poland,43405.0215797441,28.9,2.811,2.6,78.0,21.2,5.0,71.0,4.2
Poland,2023,6.442,POL,,Poland,43672.7668014946,28.5,2.743,2.6,78.0,21.2,5.0,71.0,4.2
Portugal,2015,5.123,PRT,,Portugal,35803.3575649769,35.5,12.405,1.5,81.8,19.6,8.1,83.0,5.6
Portugal,2016,5.195,PRT,,Portugal,36636.2978441633,35.2,11.058,1.5,81.8,19.6,8.1,83.0,5.6
Portugal,2017,5.41,PRT,,Portugal,37943.1150505673,33.8,8.878,1.5,81.8,19.6,8.1,83.0,5.6
Portugal,2018,5.693,PRT,,Portugal,39123.6151282571,33.5,6.966,1.5,81.8,19.6,8.1,83.0,5.6
Portugal,2019,5.9109001159668,PRT,2.027,Portugal,40188.2868799219,32.8,6.422,1.5,81.8,19.6,8.1,83.0,5.6
Portugal,2020,5.929,PRT,2.059,Portugal,36852.22873381,34.7,6.85,1.5,81.8,19.6,8.1,83.0,5.6
Portugal,2021,6.016,PRT,,Portugal,38657.6677223425,34.6,6.712,1.5,81.8,19.6,8.1,83.0,5.6
Portugal,2022,5.968,PRT,,Portugal,41070.861152974,36.3,6.138,1.5,81.8,19.6,8.1,83.0,5.6
Portugal,2023,6.03,PRT,,Portugal,41768.2549192626,33.9,6.498,1.5,81.8,19.6,8.1,83.0,5.6
Qatar,2015,6.375,QAT,,Qatar,123070.823231761,,0.17,,,,,,
Qatar,2016,6.375,QAT,,Qatar,120054.244506415,,0.15,,,,,,
Qatar,2017,6.374,QAT,,Qatar,115064.83603436,35.1,0.14,,,,,,
Qatar,2018,6.374,QAT,,Qatar,114909.792335472,,0.11,,,,,,
Romania,2015,5.528,ROU,,Romania,29181.9991893663,35.9,6.812,,,,,,
Romania,2016,5.825,ROU,,Romania,30189.2729172886,34.4,5.901,,,,,,
Romania,2017,5.945,ROU,,Romania,32852.7718069627,36.0,4.927,,,,,,
Romania,2018,6.07,ROU,,Romania,34829.0402990684,35.8,4.187,,,,,,
Romania,2019,6.12370014190674,ROU,,Romania,36399.6255565426,34.8,3.912,,,,,,
Romania,2020,6.14,ROU,0.11,Romania,35283.7523567852,34.6,5.035,,,,,,
Romania,2021,6.477,ROU,0.111,Romania,37534.1559176911,33.9,5.59,,,,,,
Romania,2022,6.589,ROU,,Romania,39256.9888833852,32.3,5.614,,,,,,
Romania,2023,6.491,ROU,,Romania,40116.8555054263,29.8,5.589,,,,,,
Russian Federation,2015,5.856,RUS,,Russian Federation,35037.15234375,36.5,5.615,,73.2,17.4,,64.0,0.1
Russian Federation,2016,5.963,RUS,,Russian Federation,35005.44921875,36.7,5.591,,73.2,17.4,,64.0,0.1
Russian Federation,2017,5.81,RUS,,Russian Federation,35570.390625,35.5,5.238,,73.2,17.4,,64.0,0.1
Russian Federation,2018,5.648,RUS,,Russian Federation,36536.6953125,35.3,4.871,,73.2,17.4,,64.0,0.1
Russian Federation,2019,5.5460000038147,RUS,,Russian Federation,37319.3203125,35.7,4.513,,73.2,17.4,,64.0,0.1
Russian Federation,2020,5.477,RUS,,Russian Federation,36376.3359375,33.7,5.62,,73.2,17.4,,64.0,0.1
Russian Federation,2021,5.459,RUS,,Russian Federation,38638.4296875,35.1,4.749,,73.2,17.4,,64.0,0.1
Russian Federation,2022,5.661,RUS,,Russian Federation,38214.49609375,33.9,3.867,,73.2,17.4,,64.0,0.1
Russian Federation,2023,5.785,RUS,,Russian Federation,39887.33984375,33.0,3.076,,73.2,17.4,,64.0,0.1
Rwanda,2015,3.515,RWA,,Rwanda,2238.53941469642,,11.831,,,,,,
Rwanda,2016,3.471,RWA,,Rwanda,2316.63731573814,43.7,11.788,,,,,,
Rwanda,2017,3.408,RWA,,Rwanda,2351.59686866227,,11.875,,,,,,
Rwanda,2018,3.334,RWA,,Rwanda,2493.44001744938,,10.759,,,,,,
Rwanda,2019,3.31229996681213,RWA,,Rwanda,2667.46458436613,,11.236,,,,,,
Rwanda,2020,3.415,RWA,,Rwanda,2520.31739425373,,11.829,,,,,,
Rwanda,2021,3.268,RWA,,Rwanda,2733.43566762447,,15.775,,,,,,
Saudi Arabia,2015,6.379,SAU,,Saudi Arabia,58498.5399040699,,5.6,,,,,,
Saudi Arabia,2016,6.344,SAU,,Saudi Arabia,57308.4484127497,,5.6,,,,,,
Saudi Arabia,2017,6.371,SAU,,Saudi Arabia,57942.5484983044,,5.89,,,,,,
Saudi Arabia,2018,6.375,SAU,,Saudi Arabia,61359.4653740388,,6.029,,,,,,
Saudi Arabia,2019,6.4064998626709,SAU,,Saudi Arabia,62647.7299487842,,5.636,,,,,,
Saudi Arabia,2020,6.494,SAU,,Saudi Arabia,57420.7335736424,,7.66,,,,,,
Saudi Arabia,2021,6.523,SAU,,Saudi Arabia,62690.4966645929,,6.621,,,,,,
Saudi Arabia,2022,6.463,SAU,,Saudi Arabia,67178.5902274906,,5.589,,,,,,
Saudi Arabia,2023,6.594,SAU,,Saudi Arabia,64481.8441927288,,4.008,,,,,,
Senegal,2015,4.219,SEN,,Senegal,3593.79477120389,,6.757,,,,,,
Senegal,2016,4.535,SEN,,Senegal,3710.05531589724,,4.455,,,,,,
Senegal,2017,4.631,SEN,,Senegal,3871.4514678592,,4.078,,,,,,
Senegal,2018,4.681,SEN,,Senegal,3998.28635303406,38.3,3.453,,,,,,
Senegal,2019,4.98080015182495,SEN,,Senegal,4070.61227058594,,2.863,,,,,,
Senegal,2020,5.132,SEN,,Senegal,4018.04129277358,,3.432,,,,,,
Senegal,2021,5.046,SEN,,Senegal,4173.67741399619,36.2,3.436,,,,,,
Senegal,2022,4.855,SEN,,Senegal,4228.73382642974,,2.837,,,,,,
Senegal,2023,4.969,SEN,,Senegal,4304.76148720232,,2.784,,,,,,
Serbia,2015,5.177,SRB,,Serbia,18247.884779382,40.5,17.66,,,,,,
Serbia,2016,5.395,SRB,,Serbia,18889.4599757385,38.8,15.257,,,,,,
Serbia,2017,5.398,SRB,,Serbia,19439.0723263919,36.1,13.477,,,,,,
Serbia,2018,5.603,SRB,,Serbia,20454.310707953,35.0,12.733,,,,,,
Serbia,2019,5.77820014953613,SRB,,Serbia,21541.2157346761,34.5,10.395,,,,,,
Serbia,2020,6.078,SRB,,Serbia,21479.1679289814,35.0,9.011,,,,,,
Serbia,2021,6.178,SRB,,Serbia,23406.4036315634,33.1,9.843,,,,,,
Serbia,2022,6.144,SRB,,Serbia,24651.9500494588,32.8,8.439,,,,,,
Serbia,2023,6.411,SRB,,Serbia,25735.2402009063,32.8,8.268,,,,,,
Sierra Leone,2015,4.635,SLE,,Sierra Leone,2628.17058146385,,4.483,,,,,,
Sierra Leone,2016,4.709,SLE,,Sierra Leone,2732.26093997048,,4.182,,,,,,
Sierra Leone,2017,4.571,SLE,,Sierra Leone,2753.42719846704,,3.656,,,,,,
Sierra Leone,2018,4.374,SLE,,Sierra Leone,2767.38003381598,35.7,3.192,,,,,,
Sierra Leone,2019,3.92639994621277,SLE,,Sierra Leone,2852.66269917494,,3.204,,,,,,
Sierra Leone,2020,3.849,SLE,,Sierra Leone,2752.62615440121,,3.509,,,,,,
Sierra Leone,2021,3.574,SLE,,Sierra Leone,2849.38865926436,,3.551,,,,,,
Sierra Leone,2022,3.138,SLE,,Sierra Leone,2934.73326430435,,3.137,,,,,,
Sierra Leone,2023,3.245,SLE,,Sierra Leone,3034.94608285625,,3.092,,,,,,
Singapore,2015,6.739,SGP,,Singapore,108953.724294287,,3.79,,,,,,
Singapore,2016,6.572,SGP,,Singapore,111579.742684331,,4.08,,,,,,
Singapore,2017,6.343,SGP,,Singapore,116471.820764776,,4.2,,,,,,
Singapore,2018,6.262,SGP,,Singapore,119927.769127927,,3.613,,,,,,
Singapore,2019,6.37709999084473,SGP,,Singapore,120114.133894235,,3.1,,,,,,
Singapore,2020,6.377,SGP,,Singapore,115893.042395938,,4.1,,,,,,
Singapore,2021,6.48,SGP,,Singapore,132617.354020876,,4.64,,,,,,
Singapore,2022,6.587,SGP,,Singapore,133571.962410322,,3.591,,,,,,
Singapore,2023,6.523,SGP,,Singapore,129555.245509242,,3.444,,,,,,
Slovakia,2015,6.078,SVK,0.915,Slovak Republic,33521.5954764975,26.5,11.492,3.0,77.8,27.4,8.8,76.0,4.2
Slovakia,2016,6.098,SVK,0.909,Slovak Republic,34130.5050676203,25.2,9.679,3.0,77.8,27.4,8.8,76.0,4.2
Slovakia,2017,6.173,SVK,0.91,Slovak Republic,35057.2223763167,23.2,8.142,3.0,77.8,27.4,8.8,76.0,4.2
Slovakia,2018,6.198,SVK,0.848,Slovak Republic,36430.7941704195,25.0,6.544,3.0,77.8,27.4,8.8,76.0,4.2
Slovakia,2019,6.28060007095337,SVK,0.88,Slovak Republic,37209.5332553073,23.2,5.761,3.0,77.8,27.4,8.8,76.0,4.2
Slovakia,2020,6.331,SVK,0.884,Slovak Republic,36216.4002110814,24.2,6.719,3.0,77.8,27.4,8.8,76.0,4.2
Slovakia,2021,6.391,SVK,0.918,Slovak Republic,38346.0935768177,24.1,6.894,3.0,77.8,27.4,8.8,76.0,4.2
Slovakia,2022,6.469,SVK,,Slovak Republic,38664.9076949851,24.1,6.143,3.0,77.8,27.4,8.8,76.0,4.2
Slovakia,2023,6.257,SVK,,Slovak Republic,39518.2209359245,23.8,5.843,3.0,77.8,27.4,8.8,76.0,4.2
Slovenia,2015,5.768,SVN,1.352,Slovenia,38527.4222549683,25.4,8.962,2.5,81.6,18.2,5.9,91.0,5.6
Slovenia,2016,5.758,SVN,1.31,Slovenia,39667.4579830072,24.8,8.0,2.5,81.6,18.2,5.9,91.0,5.6
Slovenia,2017,5.948,SVN,1.279,Slovenia,41692.836279788,24.2,6.564,2.5,81.6,18.2,5.9,91.0,5.6
Slovenia,2018,6.118,SVN,1.269,Slovenia,43361.094447431,24.6,5.108,2.5,81.6,18.2,5.9,91.0,5.6
Slovenia,2019,6.36339998245239,SVN,1.332,Slovenia,44569.5878416535,24.4,4.446,2.5,81.6,18.2,5.9,91.0,5.6
Slovenia,2020,6.461,SVN,1.363,Slovenia,42463.5635346194,24.0,4.971,2.5,81.6,18.2,5.9,91.0,5.6
Slovenia,2021,6.63,SVN,1.271,Slovenia,45914.0572392406,24.3,4.744,2.5,81.6,18.2,5.9,91.0,5.6
Slovenia,2022,6.65,SVN,,Slovenia,47050.0676441642,24.3,4.011,2.5,81.6,18.2,5.9,91.0,5.6
Slovenia,2023,6.743,SVN,,Slovenia,47977.4268117652,24.7,3.652,2.5,81.6,18.2,5.9,91.0,5.6
South Africa,2015,4.459,ZAF,,South Africa,14541.6748613669,,25.149,,64.2,18.1,,40.0,15.4
South Africa,2016,4.829,ZAF,,South Africa,14501.2807823402,,26.536,,64.2,18.1,,40.0,15.4
South Africa,2017,4.724,ZAF,,South Africa,14573.5980840004,,27.035,,64.2,18.1,,40.0,15.4
South Africa,2018,4.722,ZAF,,South Africa,14553.5615668957,,26.906,,64.2,18.1,,40.0,15.4
South Africa,2019,4.81409978866577,ZAF,,South Africa,14352.6698709871,,28.468,,64.2,18.1,,40.0,15.4
South Africa,2020,4.956,ZAF,,South Africa,13250.5666594456,,29.217,,64.2,18.1,,40.0,15.4
South Africa,2021,5.194,ZAF,,South Africa,13681.9548144813,,34.007,,64.2,18.1,,40.0,15.4
South Africa,2022,5.275,ZAF,,South Africa,13767.4967589936,54.1,33.268,,64.2,18.1,,40.0,15.4
South Africa,2023,5.422,ZAF,,South Africa,13695.3755694076,,32.098,,64.2,18.1,,40.0,15.4
South Sudan,2015,3.832,SSD,,South Sudan,,,12.464,,,,,,
South Sudan,2016,3.591,SSD,,South Sudan,,44.0,12.854,,,,,,
South Sudan,2017,3.254,SSD,,South Sudan,,,12.983,,,,,,
South Sudan,2018,2.853,SSD,,South Sudan,,,12.853,,,,,,
South Sudan,2019,2.81660008430481,SSD,,South Sudan,,,12.656,,,,,,
Spain,2015,6.361,ESP,,Spain,43053.761430314,36.2,22.057,1.8,83.9,21.7,15.8,80.0,2.5
Spain,2016,6.403,ESP,,Spain,44274.6676149922,35.8,19.635,1.8,83.9,21.7,15.8,80.0,2.5
Spain,2017,6.31,ESP,,Spain,45446.2508575695,34.7,17.224,1.8,83.9,21.7,15.8,80.0,2.5
Spain,2018,6.354,ESP,,Spain,46325.2099441141,34.7,15.255,1.8,83.9,21.7,15.8,80.0,2.5
Spain,2019,6.40089988708496,ESP,,Spain,46896.4171141424,34.3,14.104,1.8,83.9,21.7,15.8,80.0,2.5
Spain,2020,6.491,ESP,,Spain,41553.4477945675,34.9,15.532,1.8,83.9,21.7,15.8,80.0,2.5
Spain,2021,6.476,ESP,1.318,Spain,44251.6658222621,33.9,14.914,1.8,83.9,21.7,15.8,80.0,2.5
Spain,2022,6.436,ESP,,Spain,46733.4809780536,33.6,13.033,1.8,83.9,21.7,15.8,80.0,2.5
Spain,2023,6.421,ESP,,Spain,47322.5937004504,33.4,12.179,1.8,83.9,21.7,15.8,80.0,2.5
Sri Lanka,2015,4.415,LKA,,Sri Lanka,13329.7793438947,,4.519,,,,,,
Sri Lanka,2016,4.44,LKA,,Sri Lanka,13845.6146782368,39.3,4.242,,,,,,
Sri Lanka,2017,4.471,LKA,,Sri Lanka,14572.4858214565,,4.046,,,,,,
Sri Lanka,2018,4.366,LKA,,Sri Lanka,14759.8248945765,,4.318,,,,,,
Sri Lanka,2019,4.3270001411438,LKA,,Sri Lanka,14637.44429132,37.7,4.67,,,,,,
Sri Lanka,2020,4.325,LKA,,Sri Lanka,13886.6513728651,,5.364,,,,,,
Sri Lanka,2021,4.362,LKA,,Sri Lanka,14316.1352225683,,4.981,,,,,,
Sri Lanka,2022,4.442,LKA,,Sri Lanka,13249.065064602,,4.528,,,,,,
Sri Lanka,2023,3.898,LKA,,Sri Lanka,13024.9404319855,,4.528,,,,,,
Sudan,2015,4.139,SDN,,Sudan,4159.1943359375,,14.39,,,,,,
Sudan,2016,4.139,SDN,,Sudan,4174.56103515625,,13.656,,,,,,
Sudan,2017,4.139,SDN,,Sudan,4061.01831054688,,13.0,,,,,,
Suriname,2015,6.269,SUR,,Suriname,23327.5252497447,,7.22,,,,,,
Sweden,2015,7.291,SWE,,Sweden,59468.3538687625,29.2,7.432,2.0,83.2,20.1,4.4,79.0,0.9
Sweden,2016,7.284,SWE,,Sweden,59977.3886010694,29.6,6.99,2.0,83.2,20.1,4.4,79.0,0.9
Sweden,2017,7.314,SWE,,Sweden,60288.7998168676,28.8,6.718,2.0,83.2,20.1,4.4,79.0,0.9
Sweden,2018,7.343,SWE,,Sweden,60647.449528586,30.0,6.365,2.0,83.2,20.1,4.4,79.0,0.9
Sweden,2019,7.35349988937378,SWE,,Sweden,61601.6292338778,29.3,6.833,2.0,83.2,20.1,4.4,79.0,0.9
Sweden,2020,7.363,SWE,2.25,Sweden,59975.3644061895,28.9,8.291,2.0,83.2,20.1,4.4,79.0,0.9
Sweden,2021,7.384,SWE,2.205,Sweden,62731.700616293,29.8,8.803,2.0,83.2,20.1,4.4,79.0,0.9
Sweden,2022,7.395,SWE,,Sweden,63088.4236678734,31.6,7.417,2.0,83.2,20.1,4.4,79.0,0.9
Sweden,2023,7.344,SWE,,Sweden,62662.7652797761,29.3,7.611,2.0,83.2,20.1,4.4,79.0,0.9
Switzerland,2015,7.509,CHE,,Switzerland,76566.0772542148,32.3,4.801,2.3,84.0,21.4,,86.0,0.4
Switzerland,2016,7.494,CHE,,Switzerland,77301.2124304857,33.0,4.918,2.3,84.0,21.4,,86.0,0.4
Switzerland,2017,7.487,CHE,,Switzerland,77626.9027376941,32.7,4.797,2.3,84.0,21.4,,86.0,0.4
Switzerland,2018,7.48,CHE,,Switzerland,79261.3563641288,33.1,4.713,2.3,84.0,21.4,,86.0,0.4
Switzerland,2019,7.55989980697632,CHE,,Switzerland,79596.7029465098,34.0,4.394,2.3,84.0,21.4,,86.0,0.4
Switzerland,2020,7.571,CHE,2.054,Switzerland,77324.8870934007,33.7,4.817,2.3,84.0,21.4,,86.0,0.4
Switzerland,2021,7.512,CHE,1.912,Switzerland,81001.4111206118,33.8,5.013,2.3,84.0,21.4,,86.0,0.4
Switzerland,2022,7.24,CHE,,Switzerland,82777.293582076,33.8,4.122,2.3,84.0,21.4,,86.0,0.4
Switzerland,2023,7.06,CHE,,Switzerland,82295.2993346568,,4.043,2.3,84.0,21.4,,86.0,0.4
Syria,2015,3.069,SYR,,Syrian Arab Republic,5302.07413721497,,14.244,,,,,,
Syria,2016,3.462,SYR,,Syrian Arab Republic,5022.1127178437,,13.798,,,,,,
Syria,2017,3.462,SYR,,Syrian Arab Republic,4977.79210063798,,13.603,,,,,,
Syria,2018,3.462,SYR,,Syrian Arab Republic,4956.09296464777,,13.505,,,,,,
Tajikistan,2015,4.996,TJK,,Tajikistan,3041.44479553257,34.0,7.033,,,,,,
Tajikistan,2016,5.041,TJK,,Tajikistan,3169.9667820524,,7.036,,,,,,
Tajikistan,2017,5.352,TJK,,Tajikistan,3312.71202243506,,7.035,,,,,,
Tajikistan,2018,5.467,TJK,,Tajikistan,3479.69235966041,,7.028,,,,,,
Tajikistan,2019,5.55569982528687,TJK,,Tajikistan,3649.88375518646,,7.026,,,,,,
Tajikistan,2020,5.466,TJK,,Tajikistan,3724.7489591466,,7.576,,,,,,
Tajikistan,2021,5.377,TJK,,Tajikistan,3985.91247611219,32.4,7.687,,,,,,
Tajikistan,2022,5.33,TJK,,Tajikistan,4213.75618362687,39.5,7.051,,,,,,
Tajikistan,2023,5.281,TJK,,Tajikistan,4472.3241378777,38.0,7.037,,,,,,
Tanzania,2015,3.666,TZA,,Tanzania,3111.44458007813,,2.009,,,,,,
Tanzania,2016,3.349,TZA,,Tanzania,3214.24682617188,,1.931,,,,,,
Tanzania,2017,3.303,TZA,,Tanzania,3318.28833007813,,1.854,,,,,,
Tanzania,2018,3.231,TZA,,Tanzania,3392.68872070313,40.5,1.792,,,,,,
Tanzania,2019,3.47620010375977,TZA,,Tanzania,3484.63256835938,,1.735,,,,,,
Tanzania,2020,3.623,TZA,,Tanzania,3449.82153320313,,1.792,,,,,,
Tanzania,2021,3.702,TZA,,Tanzania,3493.0830078125,,1.876,,,,,,
Tanzania,2022,3.694,TZA,,Tanzania,3546.98095703125,,1.573,,,,,,
Tanzania,2023,3.781,TZA,,Tanzania,3620.79345703125,,1.565,,,,,,
Thailand,2015,6.474,THA,,Thailand,18811.9975100064,36.0,0.597,,,,,,
Thailand,2016,6.424,THA,,Thailand,19370.6087810117,36.7,0.688,,,,,,
Thailand,2017,6.072,THA,,Thailand,20094.6778762603,36.4,0.83,,,,,,
Thailand,2018,6.008,THA,,Thailand,20879.9027821449,36.4,0.765,,,,,,
Thailand,2019,5.9987998008728,THA,,Thailand,21277.8392684764,34.9,0.716,,,,,,
Thailand,2020,5.985,THA,,Thailand,19957.257140917,35.0,1.099,,,,,,
Thailand,2021,5.891,THA,,Thailand,20242.7700035656,34.9,1.215,,,,,,
Thailand,2022,5.843,THA,,Thailand,20762.7952598527,34.3,0.94,,,,,,
Thailand,2023,5.976,THA,,Thailand,21191.4540309274,33.5,0.733,,,,,,
Togo,2015,3.303,TGO,,Togo,2388.42609861568,43.0,2.204,,,,,,
Togo,2016,3.495,TGO,,Togo,2427.30036226403,,2.968,,,,,,
Togo,2017,3.999,TGO,,Togo,2462.27744935268,,3.744,,,,,,
Togo,2018,4.085,TGO,,Togo,2517.34898693009,42.5,2.9,,,,,,
Togo,2019,4.18720006942749,TGO,,Togo,2577.51616831372,,2.036,,,,,,
Togo,2020,4.107,TGO,,Togo,2570.48315208534,,2.231,,,,,,
Togo,2021,4.112,TGO,,Togo,2638.81095267963,37.9,2.344,,,,,,
Togo,2022,4.137,TGO,,Togo,2739.68813234711,,1.965,,,,,,
Togo,2023,4.214,TGO,,Togo,2842.23076240747,,1.942,,,,,,
Trinidad and Tobago,2015,6.168,TTO,,Trinidad and Tobago,38963.9641783011,,2.428,,,,,,
Trinidad and Tobago,2016,6.168,TTO,,Trinidad and Tobago,35914.9901970983,,3.207,,,,,,
Trinidad and Tobago,2017,6.192,TTO,,Trinidad and Tobago,34095.9899256152,,3.389,,,,,,
Trinidad and Tobago,2018,6.192,TTO,,Trinidad and Tobago,33710.0178540008,,3.497,,,,,,
Trinidad and Tobago,2019,6.19189977645874,TTO,,Trinidad and Tobago,33748.7060849924,,3.523,,,,,,
Tunisia,2015,5.045,TUN,,Tunisia,12802.7917211433,32.8,15.159,,,,,,
Tunisia,2016,4.805,TUN,,Tunisia,12803.8797371543,,15.557,,,,,,
Tunisia,2017,4.592,TUN,,Tunisia,12955.4014814241,,15.33,,,,,,
Tunisia,2018,4.461,TUN,,Tunisia,13163.1952230357,,15.459,,,,,,
Tunisia,2019,4.39219999313354,TUN,,Tunisia,13243.9024233246,,17.153,,,,,,
Tunisia,2020,4.596,TUN,,Tunisia,11955.5983698479,,17.651,,,,,,
Tunisia,2021,4.516,TUN,,Tunisia,12444.3264026887,33.7,16.632,,,,,,
Tunisia,2022,4.497,TUN,,Tunisia,12712.22345453,,15.3,,,,,,
Tunisia,2023,4.422,TUN,,Tunisia,12650.9615158166,,15.106,,,,,,
Türkiye,2015,5.389,TUR,,Turkiye,25984.8027306177,42.9,10.304,1.5,78.6,18.9,13.0,59.0,25.0
Türkiye,2016,5.5,TUR,,Turkiye,26489.6436816046,41.9,10.899,1.5,78.6,18.9,13.0,59.0,25.0
Türkiye,2017,5.483,TUR,,Turkiye,28194.688309381,43.5,10.919,1.5,78.6,18.9,13.0,59.0,25.0
Türkiye,2018,5.373,TUR,,Turkiye,28780.3036458151,42.4,10.956,1.5,78.6,18.9,13.0,59.0,25.0
Türkiye,2019,5.13180017471313,TUR,,Turkiye,28741.0535082701,43.8,13.73,1.5,78.6,18.9,13.0,59.0,25.0
Türkiye,2020,4.948,TUR,0.218,Turkiye,28976.7179161611,43.0,13.148,1.5,78.6,18.9,13.0,59.0,25.0
Türkiye,2021,4.744,TUR,0.225,Turkiye,32105.5474400506,44.4,11.969,1.5,78.6,18.9,13.0,59.0,25.0
Türkiye,2022,4.614,TUR,0.199,Turkiye,33520.8111384208,44.5,10.465,1.5,78.6,18.9,13.0,59.0,25.0
Türkiye,2023,4.975,TUR,,Turkiye,35069.1701714685,43.7,9.388,1.5,78.6,18.9,13.0,59.0,25.0
Turkmenistan,2015,5.658,TKM,,Turkmenistan,13057.8303253557,,4.016,,,,,,
Turkmenistan,2016,5.822,TKM,,Turkmenistan,13552.8477118745,,4.026,,,,,,
Turkmenistan,2017,5.636,TKM,,Turkmenistan,14107.6671199289,,4.035,,,,,,
Turkmenistan,2018,5.247,TKM,,Turkmenistan,14648.135352725,,4.036,,,,,,
Turkmenistan,2019,5.11910009384155,TKM,,Turkmenistan,15231.3056176565,,4.035,,,,,,
Turkmenistan,2020,5.066,TKM,,Turkmenistan,15791.1775857601,,4.489,,,,,,
Turkmenistan,2021,5.474,TKM,,Turkmenistan,16434.1399060353,,4.458,,,,,,
Uganda,2015,3.739,UGA,,Uganda,2520.0201028843,,2.681,,,,,,
Uganda,2016,4.081,UGA,,Uganda,2554.22769062073,42.8,3.002,,,,,,
Uganda,2017,4.161,UGA,,Uganda,2543.84754394956,,3.428,,,,,,
Uganda,2018,4.189,UGA,,Uganda,2613.87976413963,,3.249,,,,,,
Uganda,2019,4.43200016021729,UGA,,Uganda,2689.41009144919,42.7,3.057,,,,,,
Uganda,2020,4.636,UGA,,Uganda,2678.00907202293,,3.819,,,,,,
Uganda,2021,4.603,UGA,,Uganda,2684.92035939744,,3.416,,,,,,
Uganda,2022,4.432,UGA,,Uganda,2724.90609568409,,2.885,,,,,,
Uganda,2023,4.372,UGA,,Uganda,2791.05576885861,,2.754,,,,,,
Ukraine,2015,4.324,UKR,,Ukraine,15403.7099609375,25.5,9.14,,,,,,
Ukraine,2016,4.096,UKR,,Ukraine,15856.8125,25.0,9.35,,,,,,
Ukraine,2017,4.103,UKR,,Ukraine,16310.3603515625,26.0,9.5,,,,,,
Ukraine,2018,4.332,UKR,,Ukraine,16978.984375,26.1,8.799,,,,,,
Ukraine,2019,4.56069993972778,UKR,,Ukraine,17636.5546875,26.6,8.194,,,,,,
Ukraine,2020,4.875,UKR,,Ukraine,17092.5390625,25.6,9.475,,,,,,
Ukraine,2021,5.084,UKR,,Ukraine,17846.408203125,,9.834,,,,,,
Ukraine,2022,5.071,UKR,,Ukraine,13787.12109375,,,,,,,,
Ukraine,2023,4.873,UKR,,Ukraine,15916.9580078125,,,,,,,,
United Arab Emirates,2015,6.573,ARE,,United Arab Emirates,75238.5539913477,,1.793,,,,,,
United Arab Emirates,2016,6.648,ARE,,United Arab Emirates,75671.0564378596,,1.64,,,,,,
United Arab Emirates,2017,6.774,ARE,,United Arab Emirates,72529.0571050174,,2.462,,,,,,
United Arab Emirates,2018,6.825,ARE,,United Arab Emirates,72671.0652349751,26.4,2.236,,,,,,
United Arab Emirates,2019,6.79080009460449,ARE,,United Arab Emirates,72822.969940695,,2.331,,,,,,
United Arab Emirates,2020,6.561,ARE,,United Arab Emirates,66808.6477560191,,4.294,,,,,,
United Arab Emirates,2021,6.576,ARE,,United Arab Emirates,68580.1485423483,,3.105,,,,,,
United Arab Emirates,2022,6.571,ARE,,United Arab Emirates,70075.6300053372,,2.872,,,,,,
United Arab Emirates,2023,6.733,ARE,,United Arab Emirates,70239.8552855072,,2.151,,,,,,
United Kingdom,2015,6.725,GBR,,United Kingdom,49652.7188154397,33.3,5.552,3.1,81.3,23.2,3.3,78.0,10.8
United Kingdom,2016,6.714,GBR,,United Kingdom,50346.8592925717,33.1,4.909,3.1,81.3,23.2,3.3,78.0,10.8
United Kingdom,2017,6.814,GBR,,United Kingdom,51586.6756125445,32.6,4.501,3.1,81.3,23.2,3.3,78.0,10.8
United Kingdom,2018,7.054,GBR,,United Kingdom,52131.6948248133,33.7,4.145,3.1,81.3,23.2,3.3,78.0,10.8
United Kingdom,2019,7.16450023651123,GBR,,United Kingdom,52515.684446109,32.8,3.657,3.1,81.3,23.2,3.3,78.0,10.8
United Kingdom,2020,7.064,GBR,,United Kingdom,47158.985486323,32.7,4.472,3.1,81.3,23.2,3.3,78.0,10.8
United Kingdom,2021,6.943,GBR,,United Kingdom,51004.4271714238,32.4,4.864,3.1,81.3,23.2,3.3,78.0,10.8
United Kingdom,2022,6.796,GBR,3.416,United Kingdom,53139.151252206,,3.768,3.1,81.3,23.2,3.3,78.0,10.8
United Kingdom,2023,6.749,GBR,,United Kingdom,52592.6822066393,,4.025,3.1,81.3,23.2,3.3,78.0,10.8
United States,2015,7.104,USA,,United States,64359.4725899466,41.5,5.28,3.1,78.9,18.3,4.2,78.0,10.4
United States,2016,6.993,USA,,United States,65017.654963867,41.3,4.869,3.1,78.9,18.3,4.2,78.0,10.4
United States,2017,6.886,USA,,United States,66155.5555676249,41.4,4.355,3.1,78.9,18.3,4.2,78.0,10.4
United States,2018,6.892,USA,,United States,67719.7656392064,41.8,3.896,3.1,78.9,18.3,4.2,78.0,10.4
United States,2019,6.93959999084473,USA,,United States,69112.602688656,41.9,3.669,3.1,78.9,18.3,4.2,78.0,10.4
United States,2020,6.951,USA,,United States,67342.0709287722,40.0,8.055,3.1,78.9,18.3,4.2,78.0,10.4
United States,2021,6.977,USA,,United States,71307.4017277218,39.7,5.349,3.1,78.9,18.3,4.2,78.0,10.4
United States,2022,6.894,USA,,United States,72679.2575396348,41.7,3.65,3.1,78.9,18.3,4.2,78.0,10.4
United States,2023,6.725,USA,,United States,74158.7164155605,41.8,3.638,3.1,78.9,18.3,4.2,78.0,10.4
Uruguay,2015,6.545,URY,,Uruguay,28941.6294107011,40.1,7.488,,,,,,
Uruguay,2016,6.454,URY,,Uruguay,29332.5672615246,39.7,7.841,,,,,,
Uruguay,2017,6.379,URY,,Uruguay,29762.4333171685,39.5,7.89,,,,,,
Uruguay,2018,6.293,URY,,Uruguay,29757.9388543783,39.7,8.336,,,,,,
Uruguay,2019,6.44010019302368,URY,,Uruguay,30010.5742615797,39.7,8.836,,,,,,
Uruguay,2020,6.431,URY,,Uruguay,27788.1854968153,40.2,10.413,,,,,,
Uruguay,2021,6.474,URY,,Uruguay,29431.8850087471,40.8,9.328,,,,,,
Uruguay,2022,6.494,URY,,Uruguay,30804.7032775797,40.6,7.877,,,,,,
Uruguay,2023,6.611,URY,,Uruguay,31059.2537072459,40.9,8.355,,,,,,
Uzbekistan,2015,5.987,UZB,,Uzbekistan,7529.76364274179,,5.15,,,,,,
Uzbekistan,2016,5.971,UZB,,Uzbekistan,7839.97820100236,,5.16,,,,,,
Uzbekistan,2017,6.096,UZB,,Uzbekistan,8047.05375469466,,5.83,,,,,,
Uzbekistan,2018,6.174,UZB,,Uzbekistan,8348.96057873127,,5.392,,,,,,
Uzbekistan,2019,6.25759983062744,UZB,,Uzbekistan,8755.12593984949,,4.936,,,,,,
Uzbekistan,2020,6.179,UZB,,Uzbekistan,8727.41104939223,,5.293,,,,,,
Uzbekistan,2021,6.063,UZB,,Uzbekistan,9247.64382703929,32.9,5.364,,,,,,
Uzbekistan,2022,6.014,UZB,,Uzbekistan,9607.56167273449,31.2,4.456,,,,,,
Uzbekistan,2023,6.195,UZB,,Uzbekistan,10007.685502618,34.5,4.434,,,,,,
Venezuela,2015,6.084,VEN,,"Venezuela, RB",,,6.139,,,,,,
Venezuela,2016,5.25,VEN,,"Venezuela, RB",,,5.319,,,,,,
Venezuela,2017,4.806,VEN,,"Venezuela, RB",,,5.045,,,,,,
Venezuela,2018,4.707,VEN,,"Venezuela, RB",,,5.468,,,,,,
Venezuela,2019,5.05319976806641,VEN,,"Venezuela, RB",,,5.89,,,,,,
Venezuela,2020,4.892,VEN,,"Venezuela, RB",,,7.53,,,,,,
Venezuela,2021,4.925,VEN,,"Venezuela, RB",,,7.027,,,,,,
Venezuela,2022,5.211,VEN,,"Venezuela, RB",,,5.646,,,,,,
Venezuela,2023,5.607,VEN,,"Venezuela, RB",,,5.407,,,,,,
Viet Nam,2015,5.061,VNM,,Viet Nam,9248.02396069622,,1.848,,,,,,
Viet Nam,2016,5.074,VNM,,Viet Nam,9743.1882231455,35.3,1.848,,,,,,
Viet Nam,2017,5.103,VNM,,Viet Nam,10290.5487142244,,1.874,,,,,,
Viet Nam,2018,5.175,VNM,,Viet Nam,10936.8937859558,35.7,1.161,,,,,,
Viet Nam,2019,5.35349988937378,VNM,,Viet Nam,11628.6139147451,,1.681,,,,,,
Viet Nam,2020,5.411,VNM,,Viet Nam,11851.3965685649,36.8,2.103,,,,,,
Viet Nam,2021,5.485,VNM,,Viet Nam,12048.9019935536,,2.383,,,,,,
Viet Nam,2022,5.763,VNM,,Viet Nam,12979.7639049934,36.1,1.57,,,,,,
Viet Nam,2023,6.043,VNM,,Viet Nam,13545.9346616752,,1.645,,,,,,
State of Palestine,2015,4.754,PSE,,West Bank and Gaza,6072.65031768549,,23.005,,,,,,
State of Palestine,2016,4.775,PSE,,West Bank and Gaza,6464.13352537371,33.7,23.939,,,,,,
State of Palestine,2017,4.743,PSE,,West Bank and Gaza,6426.79521615335,,25.677,,,,,,
State of Palestine,2018,4.696,PSE,,West Bank and Gaza,6342.9374800852,,26.256,,,,,,
State of Palestine,2019,4.55280017852783,PSE,,West Bank and Gaza,6269.89134527985,,25.34,,,,,,
State of Palestine,2020,4.517,PSE,,West Bank and Gaza,5423.68254653126,,25.895,,,,,,
State of Palestine,2021,4.483,PSE,,West Bank and Gaza,5663.12160743584,,26.39,,,,,,
State of Palestine,2022,4.908,PSE,,West Bank and Gaza,5753.08395899307,,24.42,,,,,,
State of Palestine,2023,4.879,PSE,,West Bank and Gaza,5361.13098084938,36.4,,,,,,,
Yemen,2015,3.724,YEM,,"Yemen, Rep.",,,17.9,,,,,,
Yemen,2016,3.593,YEM,,"Yemen, Rep.",,,18.42,,,,,,
Yemen,2017,3.355,YEM,,"Yemen, Rep.",,,18.611,,,,,,
Yemen,2018,3.38,YEM,,"Yemen, Rep.",,,17.593,,,,,,
Yemen,2019,3.52740001678467,YEM,,"Yemen, Rep.",,,17.213,,,,,,
Yemen,2020,3.658,YEM,,"Yemen, Rep.",,,17.963,,,,,,
Yemen,2021,4.197,YEM,,"Yemen, Rep.",,,18.312,,,,,,
Yemen,2023,3.561,YEM,,"Yemen, Rep.",,,16.944,,,,,,
Zambia,2015,4.795,ZMB,,Zambia,3576.92544834125,55.8,5.951,,,,,,
Zambia,2016,4.514,ZMB,,Zambia,3598.17166023389,,5.244,,,,,,
Zambia,2017,4.377,ZMB,,Zambia,3612.50597664593,,4.529,,,,,,
Zambia,2018,4.107,ZMB,,Zambia,3646.95966481655,,5.032,,,,,,
Zambia,2019,3.75939989089966,ZMB,,Zambia,3591.56418883108,,5.538,,,,,,
Zambia,2020,4.073,ZMB,,Zambia,3391.59541156095,,6.032,,,,,,
Zambia,2021,3.76,ZMB,,Zambia,3503.03491418372,,5.197,,,,,,
Zambia,2022,3.982,ZMB,,Zambia,3585.12379084347,51.5,5.993,,,,,,
Zambia,2023,3.502,ZMB,,Zambia,3673.4841969922,,5.861,,,,,,
Zimbabwe,2015,4.193,ZWE,,Zimbabwe,5102.71432347607,,5.399,,,,,,
Zimbabwe,2016,3.875,ZWE,,Zimbabwe,5070.40217016051,,5.896,,,,,,
Zimbabwe,2017,3.692,ZWE,,Zimbabwe,5234.3838655748,44.3,6.35,,,,,,
Zimbabwe,2018,3.663,ZWE,,Zimbabwe,5415.46976371689,,6.788,,,,,,
Zimbabwe,2019,3.2992000579834,ZWE,,Zimbabwe,4993.84383894752,50.3,7.373,,,,,,
Zimbabwe,2020,3.145,ZWE,,Zimbabwe,4527.71988082724,,8.617,,,,,,
Zimbabwe,2021,2.995,ZWE,,Zimbabwe,4827.0886936086,,9.54,,,,,,
Zimbabwe,2022,3.204,ZWE,,Zimbabwe,5036.76136109489,,10.087,,,,,,
Zimbabwe,2023,3.341,ZWE,,Zimbabwe,5218.02266462129,,9.348,,,,,,
